-- phpMyAdmin SQL Dump
-- version 5.0.2
-- https://www.phpmyadmin.net/
--
-- Host: 127.0.0.1
-- Generation Time: Jun 10, 2021 at 09:47 AM
-- Server version: 10.4.11-MariaDB
-- PHP Version: 7.2.29

SET SQL_MODE = "NO_AUTO_VALUE_ON_ZERO";
START TRANSACTION;
SET time_zone = "+00:00";


/*!40101 SET @OLD_CHARACTER_SET_CLIENT=@@CHARACTER_SET_CLIENT */;
/*!40101 SET @OLD_CHARACTER_SET_RESULTS=@@CHARACTER_SET_RESULTS */;
/*!40101 SET @OLD_COLLATION_CONNECTION=@@COLLATION_CONNECTION */;
/*!40101 SET NAMES utf8mb4 */;

--
-- Database: `tokoonline`
--

-- --------------------------------------------------------

--
-- Table structure for table `alamat`
--

CREATE TABLE `alamat` (
  `id` bigint(20) UNSIGNED NOT NULL,
  `cities_id` int(11) NOT NULL,
  `detail` varchar(255) COLLATE utf8mb4_unicode_ci NOT NULL,
  `user_id` bigint(20) UNSIGNED NOT NULL,
  `created_at` timestamp NULL DEFAULT NULL,
  `updated_at` timestamp NULL DEFAULT NULL
) ENGINE=InnoDB DEFAULT CHARSET=utf8mb4 COLLATE=utf8mb4_unicode_ci;

--
-- Dumping data for table `alamat`
--

INSERT INTO `alamat` (`id`, `cities_id`, `detail`, `user_id`, `created_at`, `updated_at`) VALUES
(2, 103, 'Kecamatan Kawali', 5, '2020-03-23 20:55:25', '2020-03-23 23:32:04'),
(3, 419, 'Kecamatan Kawali', 4, '2020-03-23 21:14:07', '2020-03-23 21:14:07'),
(4, 50, 'Kecamatan Kawali', 7, '2020-03-24 17:36:41', '2020-03-24 17:36:41'),
(5, 91, 'Qq', 6, '2020-03-24 18:04:48', '2020-03-24 18:04:48'),
(6, 103, 'Kawali', 8, '2020-03-25 02:48:49', '2020-03-25 02:48:49'),
(7, 103, 'Kawali', 9, '2020-03-25 02:56:30', '2020-03-25 02:56:30'),
(8, 103, 'Kawali', 10, '2020-03-25 03:02:54', '2020-03-25 03:02:54'),
(9, 103, 'Kawali', 12, '2020-04-27 09:08:24', '2020-04-27 09:08:24'),
(10, 154, 'Kalimalang raya', 2, '2021-05-27 04:05:30', '2021-05-27 04:05:30');

-- --------------------------------------------------------

--
-- Table structure for table `alamat_toko`
--

CREATE TABLE `alamat_toko` (
  `id` bigint(20) UNSIGNED NOT NULL,
  `city_id` int(11) NOT NULL,
  `detail` varchar(255) COLLATE utf8mb4_unicode_ci NOT NULL,
  `created_at` timestamp NULL DEFAULT NULL,
  `updated_at` timestamp NULL DEFAULT NULL
) ENGINE=InnoDB DEFAULT CHARSET=utf8mb4 COLLATE=utf8mb4_unicode_ci;

--
-- Dumping data for table `alamat_toko`
--

INSERT INTO `alamat_toko` (`id`, `city_id`, `detail`, `created_at`, `updated_at`) VALUES
(1, 54, 'Jalan Jatiwaringin Raya', NULL, NULL);

-- --------------------------------------------------------

--
-- Table structure for table `categories`
--

CREATE TABLE `categories` (
  `id` bigint(20) UNSIGNED NOT NULL,
  `name` varchar(255) COLLATE utf8mb4_unicode_ci NOT NULL,
  `created_at` timestamp NULL DEFAULT NULL,
  `updated_at` timestamp NULL DEFAULT NULL
) ENGINE=InnoDB DEFAULT CHARSET=utf8mb4 COLLATE=utf8mb4_unicode_ci;

--
-- Dumping data for table `categories`
--

INSERT INTO `categories` (`id`, `name`, `created_at`, `updated_at`) VALUES
(9, 'One Day', '2021-05-27 03:40:54', '2021-05-27 03:40:54'),
(10, '2H1M', '2021-05-27 03:41:12', '2021-05-27 03:41:12'),
(11, '3H2M', '2021-05-27 03:41:40', '2021-05-27 03:41:40');

-- --------------------------------------------------------

--
-- Table structure for table `cities`
--

CREATE TABLE `cities` (
  `id` bigint(20) UNSIGNED NOT NULL,
  `province_id` bigint(20) UNSIGNED NOT NULL,
  `city_id` bigint(20) UNSIGNED NOT NULL,
  `title` varchar(255) COLLATE utf8mb4_unicode_ci NOT NULL,
  `created_at` timestamp NULL DEFAULT NULL,
  `updated_at` timestamp NULL DEFAULT NULL
) ENGINE=InnoDB DEFAULT CHARSET=utf8mb4 COLLATE=utf8mb4_unicode_ci;

--
-- Dumping data for table `cities`
--

INSERT INTO `cities` (`id`, `province_id`, `city_id`, `title`, `created_at`, `updated_at`) VALUES
(1, 1, 17, 'Badung', '2021-05-24 09:08:38', '2021-05-24 09:08:38'),
(2, 1, 32, 'Bangli', '2021-05-24 09:08:38', '2021-05-24 09:08:38'),
(3, 1, 94, 'Buleleng', '2021-05-24 09:08:38', '2021-05-24 09:08:38'),
(4, 1, 114, 'Denpasar', '2021-05-24 09:08:38', '2021-05-24 09:08:38'),
(5, 1, 128, 'Gianyar', '2021-05-24 09:08:38', '2021-05-24 09:08:38'),
(6, 1, 161, 'Jembrana', '2021-05-24 09:08:38', '2021-05-24 09:08:38'),
(7, 1, 170, 'Karangasem', '2021-05-24 09:08:38', '2021-05-24 09:08:38'),
(8, 1, 197, 'Klungkung', '2021-05-24 09:08:38', '2021-05-24 09:08:38'),
(9, 1, 447, 'Tabanan', '2021-05-24 09:08:38', '2021-05-24 09:08:38'),
(10, 2, 27, 'Bangka', '2021-05-24 09:08:40', '2021-05-24 09:08:40'),
(11, 2, 28, 'Bangka Barat', '2021-05-24 09:08:40', '2021-05-24 09:08:40'),
(12, 2, 29, 'Bangka Selatan', '2021-05-24 09:08:40', '2021-05-24 09:08:40'),
(13, 2, 30, 'Bangka Tengah', '2021-05-24 09:08:40', '2021-05-24 09:08:40'),
(14, 2, 56, 'Belitung', '2021-05-24 09:08:40', '2021-05-24 09:08:40'),
(15, 2, 57, 'Belitung Timur', '2021-05-24 09:08:40', '2021-05-24 09:08:40'),
(16, 2, 334, 'Pangkal Pinang', '2021-05-24 09:08:40', '2021-05-24 09:08:40'),
(17, 3, 106, 'Cilegon', '2021-05-24 09:08:42', '2021-05-24 09:08:42'),
(18, 3, 232, 'Lebak', '2021-05-24 09:08:42', '2021-05-24 09:08:42'),
(19, 3, 331, 'Pandeglang', '2021-05-24 09:08:42', '2021-05-24 09:08:42'),
(20, 3, 402, 'Serang', '2021-05-24 09:08:42', '2021-05-24 09:08:42'),
(21, 3, 403, 'Serang', '2021-05-24 09:08:43', '2021-05-24 09:08:43'),
(22, 3, 455, 'Tangerang', '2021-05-24 09:08:43', '2021-05-24 09:08:43'),
(23, 3, 456, 'Tangerang', '2021-05-24 09:08:43', '2021-05-24 09:08:43'),
(24, 3, 457, 'Tangerang Selatan', '2021-05-24 09:08:43', '2021-05-24 09:08:43'),
(25, 4, 62, 'Bengkulu', '2021-05-24 09:08:45', '2021-05-24 09:08:45'),
(26, 4, 63, 'Bengkulu Selatan', '2021-05-24 09:08:45', '2021-05-24 09:08:45'),
(27, 4, 64, 'Bengkulu Tengah', '2021-05-24 09:08:45', '2021-05-24 09:08:45'),
(28, 4, 65, 'Bengkulu Utara', '2021-05-24 09:08:46', '2021-05-24 09:08:46'),
(29, 4, 175, 'Kaur', '2021-05-24 09:08:46', '2021-05-24 09:08:46'),
(30, 4, 183, 'Kepahiang', '2021-05-24 09:08:46', '2021-05-24 09:08:46'),
(31, 4, 233, 'Lebong', '2021-05-24 09:08:46', '2021-05-24 09:08:46'),
(32, 4, 294, 'Muko Muko', '2021-05-24 09:08:46', '2021-05-24 09:08:46'),
(33, 4, 379, 'Rejang Lebong', '2021-05-24 09:08:47', '2021-05-24 09:08:47'),
(34, 4, 397, 'Seluma', '2021-05-24 09:08:47', '2021-05-24 09:08:47'),
(35, 5, 39, 'Bantul', '2021-05-24 09:08:48', '2021-05-24 09:08:48'),
(36, 5, 135, 'Gunung Kidul', '2021-05-24 09:08:48', '2021-05-24 09:08:48'),
(37, 5, 210, 'Kulon Progo', '2021-05-24 09:08:48', '2021-05-24 09:08:48'),
(38, 5, 419, 'Sleman', '2021-05-24 09:08:48', '2021-05-24 09:08:48'),
(39, 5, 501, 'Yogyakarta', '2021-05-24 09:08:48', '2021-05-24 09:08:48'),
(40, 6, 151, 'Jakarta Barat', '2021-05-24 09:08:50', '2021-05-24 09:08:50'),
(41, 6, 152, 'Jakarta Pusat', '2021-05-24 09:08:50', '2021-05-24 09:08:50'),
(42, 6, 153, 'Jakarta Selatan', '2021-05-24 09:08:50', '2021-05-24 09:08:50'),
(43, 6, 154, 'Jakarta Timur', '2021-05-24 09:08:51', '2021-05-24 09:08:51'),
(44, 6, 155, 'Jakarta Utara', '2021-05-24 09:08:51', '2021-05-24 09:08:51'),
(45, 6, 189, 'Kepulauan Seribu', '2021-05-24 09:08:51', '2021-05-24 09:08:51'),
(46, 7, 77, 'Boalemo', '2021-05-24 09:08:53', '2021-05-24 09:08:53'),
(47, 7, 88, 'Bone Bolango', '2021-05-24 09:08:53', '2021-05-24 09:08:53'),
(48, 7, 129, 'Gorontalo', '2021-05-24 09:08:53', '2021-05-24 09:08:53'),
(49, 7, 130, 'Gorontalo', '2021-05-24 09:08:53', '2021-05-24 09:08:53'),
(50, 7, 131, 'Gorontalo Utara', '2021-05-24 09:08:53', '2021-05-24 09:08:53'),
(51, 7, 361, 'Pohuwato', '2021-05-24 09:08:54', '2021-05-24 09:08:54'),
(52, 8, 50, 'Batang Hari', '2021-05-24 09:08:55', '2021-05-24 09:08:55'),
(53, 8, 97, 'Bungo', '2021-05-24 09:08:55', '2021-05-24 09:08:55'),
(54, 8, 156, 'Jambi', '2021-05-24 09:08:55', '2021-05-24 09:08:55'),
(55, 8, 194, 'Kerinci', '2021-05-24 09:08:56', '2021-05-24 09:08:56'),
(56, 8, 280, 'Merangin', '2021-05-24 09:08:56', '2021-05-24 09:08:56'),
(57, 8, 293, 'Muaro Jambi', '2021-05-24 09:08:56', '2021-05-24 09:08:56'),
(58, 8, 393, 'Sarolangun', '2021-05-24 09:08:56', '2021-05-24 09:08:56'),
(59, 8, 442, 'Sungaipenuh', '2021-05-24 09:08:56', '2021-05-24 09:08:56'),
(60, 8, 460, 'Tanjung Jabung Barat', '2021-05-24 09:08:56', '2021-05-24 09:08:56'),
(61, 8, 461, 'Tanjung Jabung Timur', '2021-05-24 09:08:56', '2021-05-24 09:08:56'),
(62, 8, 471, 'Tebo', '2021-05-24 09:08:56', '2021-05-24 09:08:56'),
(63, 9, 22, 'Bandung', '2021-05-24 09:08:58', '2021-05-24 09:08:58'),
(64, 9, 23, 'Bandung', '2021-05-24 09:08:58', '2021-05-24 09:08:58'),
(65, 9, 24, 'Bandung Barat', '2021-05-24 09:08:58', '2021-05-24 09:08:58'),
(66, 9, 34, 'Banjar', '2021-05-24 09:08:58', '2021-05-24 09:08:58'),
(67, 9, 54, 'Bekasi', '2021-05-24 09:08:58', '2021-05-24 09:08:58'),
(68, 9, 55, 'Bekasi', '2021-05-24 09:08:58', '2021-05-24 09:08:58'),
(69, 9, 78, 'Bogor', '2021-05-24 09:08:58', '2021-05-24 09:08:58'),
(70, 9, 79, 'Bogor', '2021-05-24 09:08:58', '2021-05-24 09:08:58'),
(71, 9, 103, 'Ciamis', '2021-05-24 09:08:58', '2021-05-24 09:08:58'),
(72, 9, 104, 'Cianjur', '2021-05-24 09:08:58', '2021-05-24 09:08:58'),
(73, 9, 107, 'Cimahi', '2021-05-24 09:08:58', '2021-05-24 09:08:58'),
(74, 9, 108, 'Cirebon', '2021-05-24 09:08:58', '2021-05-24 09:08:58'),
(75, 9, 109, 'Cirebon', '2021-05-24 09:08:58', '2021-05-24 09:08:58'),
(76, 9, 115, 'Depok', '2021-05-24 09:08:58', '2021-05-24 09:08:58'),
(77, 9, 126, 'Garut', '2021-05-24 09:08:58', '2021-05-24 09:08:58'),
(78, 9, 149, 'Indramayu', '2021-05-24 09:08:58', '2021-05-24 09:08:58'),
(79, 9, 171, 'Karawang', '2021-05-24 09:08:58', '2021-05-24 09:08:58'),
(80, 9, 211, 'Kuningan', '2021-05-24 09:08:58', '2021-05-24 09:08:58'),
(81, 9, 252, 'Majalengka', '2021-05-24 09:08:58', '2021-05-24 09:08:58'),
(82, 9, 332, 'Pangandaran', '2021-05-24 09:08:58', '2021-05-24 09:08:58'),
(83, 9, 376, 'Purwakarta', '2021-05-24 09:08:58', '2021-05-24 09:08:58'),
(84, 9, 428, 'Subang', '2021-05-24 09:08:58', '2021-05-24 09:08:58'),
(85, 9, 430, 'Sukabumi', '2021-05-24 09:08:58', '2021-05-24 09:08:58'),
(86, 9, 431, 'Sukabumi', '2021-05-24 09:08:58', '2021-05-24 09:08:58'),
(87, 9, 440, 'Sumedang', '2021-05-24 09:08:59', '2021-05-24 09:08:59'),
(88, 9, 468, 'Tasikmalaya', '2021-05-24 09:08:59', '2021-05-24 09:08:59'),
(89, 9, 469, 'Tasikmalaya', '2021-05-24 09:08:59', '2021-05-24 09:08:59'),
(90, 10, 37, 'Banjarnegara', '2021-05-24 09:09:00', '2021-05-24 09:09:00'),
(91, 10, 41, 'Banyumas', '2021-05-24 09:09:00', '2021-05-24 09:09:00'),
(92, 10, 49, 'Batang', '2021-05-24 09:09:00', '2021-05-24 09:09:00'),
(93, 10, 76, 'Blora', '2021-05-24 09:09:00', '2021-05-24 09:09:00'),
(94, 10, 91, 'Boyolali', '2021-05-24 09:09:00', '2021-05-24 09:09:00'),
(95, 10, 92, 'Brebes', '2021-05-24 09:09:00', '2021-05-24 09:09:00'),
(96, 10, 105, 'Cilacap', '2021-05-24 09:09:00', '2021-05-24 09:09:00'),
(97, 10, 113, 'Demak', '2021-05-24 09:09:00', '2021-05-24 09:09:00'),
(98, 10, 134, 'Grobogan', '2021-05-24 09:09:00', '2021-05-24 09:09:00'),
(99, 10, 163, 'Jepara', '2021-05-24 09:09:00', '2021-05-24 09:09:00'),
(100, 10, 169, 'Karanganyar', '2021-05-24 09:09:00', '2021-05-24 09:09:00'),
(101, 10, 177, 'Kebumen', '2021-05-24 09:09:00', '2021-05-24 09:09:00'),
(102, 10, 181, 'Kendal', '2021-05-24 09:09:01', '2021-05-24 09:09:01'),
(103, 10, 196, 'Klaten', '2021-05-24 09:09:01', '2021-05-24 09:09:01'),
(104, 10, 209, 'Kudus', '2021-05-24 09:09:01', '2021-05-24 09:09:01'),
(105, 10, 249, 'Magelang', '2021-05-24 09:09:01', '2021-05-24 09:09:01'),
(106, 10, 250, 'Magelang', '2021-05-24 09:09:01', '2021-05-24 09:09:01'),
(107, 10, 344, 'Pati', '2021-05-24 09:09:01', '2021-05-24 09:09:01'),
(108, 10, 348, 'Pekalongan', '2021-05-24 09:09:01', '2021-05-24 09:09:01'),
(109, 10, 349, 'Pekalongan', '2021-05-24 09:09:01', '2021-05-24 09:09:01'),
(110, 10, 352, 'Pemalang', '2021-05-24 09:09:01', '2021-05-24 09:09:01'),
(111, 10, 375, 'Purbalingga', '2021-05-24 09:09:01', '2021-05-24 09:09:01'),
(112, 10, 377, 'Purworejo', '2021-05-24 09:09:01', '2021-05-24 09:09:01'),
(113, 10, 380, 'Rembang', '2021-05-24 09:09:01', '2021-05-24 09:09:01'),
(114, 10, 386, 'Salatiga', '2021-05-24 09:09:01', '2021-05-24 09:09:01'),
(115, 10, 398, 'Semarang', '2021-05-24 09:09:01', '2021-05-24 09:09:01'),
(116, 10, 399, 'Semarang', '2021-05-24 09:09:01', '2021-05-24 09:09:01'),
(117, 10, 427, 'Sragen', '2021-05-24 09:09:01', '2021-05-24 09:09:01'),
(118, 10, 433, 'Sukoharjo', '2021-05-24 09:09:01', '2021-05-24 09:09:01'),
(119, 10, 445, 'Surakarta (Solo)', '2021-05-24 09:09:01', '2021-05-24 09:09:01'),
(120, 10, 472, 'Tegal', '2021-05-24 09:09:01', '2021-05-24 09:09:01'),
(121, 10, 473, 'Tegal', '2021-05-24 09:09:01', '2021-05-24 09:09:01'),
(122, 10, 476, 'Temanggung', '2021-05-24 09:09:01', '2021-05-24 09:09:01'),
(123, 10, 497, 'Wonogiri', '2021-05-24 09:09:01', '2021-05-24 09:09:01'),
(124, 10, 498, 'Wonosobo', '2021-05-24 09:09:02', '2021-05-24 09:09:02'),
(125, 11, 31, 'Bangkalan', '2021-05-24 09:09:03', '2021-05-24 09:09:03'),
(126, 11, 42, 'Banyuwangi', '2021-05-24 09:09:03', '2021-05-24 09:09:03'),
(127, 11, 51, 'Batu', '2021-05-24 09:09:03', '2021-05-24 09:09:03'),
(128, 11, 74, 'Blitar', '2021-05-24 09:09:03', '2021-05-24 09:09:03'),
(129, 11, 75, 'Blitar', '2021-05-24 09:09:03', '2021-05-24 09:09:03'),
(130, 11, 80, 'Bojonegoro', '2021-05-24 09:09:03', '2021-05-24 09:09:03'),
(131, 11, 86, 'Bondowoso', '2021-05-24 09:09:03', '2021-05-24 09:09:03'),
(132, 11, 133, 'Gresik', '2021-05-24 09:09:03', '2021-05-24 09:09:03'),
(133, 11, 160, 'Jember', '2021-05-24 09:09:03', '2021-05-24 09:09:03'),
(134, 11, 164, 'Jombang', '2021-05-24 09:09:03', '2021-05-24 09:09:03'),
(135, 11, 178, 'Kediri', '2021-05-24 09:09:03', '2021-05-24 09:09:03'),
(136, 11, 179, 'Kediri', '2021-05-24 09:09:03', '2021-05-24 09:09:03'),
(137, 11, 222, 'Lamongan', '2021-05-24 09:09:03', '2021-05-24 09:09:03'),
(138, 11, 243, 'Lumajang', '2021-05-24 09:09:03', '2021-05-24 09:09:03'),
(139, 11, 247, 'Madiun', '2021-05-24 09:09:03', '2021-05-24 09:09:03'),
(140, 11, 248, 'Madiun', '2021-05-24 09:09:03', '2021-05-24 09:09:03'),
(141, 11, 251, 'Magetan', '2021-05-24 09:09:04', '2021-05-24 09:09:04'),
(142, 11, 255, 'Malang', '2021-05-24 09:09:04', '2021-05-24 09:09:04'),
(143, 11, 256, 'Malang', '2021-05-24 09:09:04', '2021-05-24 09:09:04'),
(144, 11, 289, 'Mojokerto', '2021-05-24 09:09:04', '2021-05-24 09:09:04'),
(145, 11, 290, 'Mojokerto', '2021-05-24 09:09:04', '2021-05-24 09:09:04'),
(146, 11, 305, 'Nganjuk', '2021-05-24 09:09:04', '2021-05-24 09:09:04'),
(147, 11, 306, 'Ngawi', '2021-05-24 09:09:04', '2021-05-24 09:09:04'),
(148, 11, 317, 'Pacitan', '2021-05-24 09:09:04', '2021-05-24 09:09:04'),
(149, 11, 330, 'Pamekasan', '2021-05-24 09:09:04', '2021-05-24 09:09:04'),
(150, 11, 342, 'Pasuruan', '2021-05-24 09:09:04', '2021-05-24 09:09:04'),
(151, 11, 343, 'Pasuruan', '2021-05-24 09:09:04', '2021-05-24 09:09:04'),
(152, 11, 363, 'Ponorogo', '2021-05-24 09:09:04', '2021-05-24 09:09:04'),
(153, 11, 369, 'Probolinggo', '2021-05-24 09:09:04', '2021-05-24 09:09:04'),
(154, 11, 370, 'Probolinggo', '2021-05-24 09:09:04', '2021-05-24 09:09:04'),
(155, 11, 390, 'Sampang', '2021-05-24 09:09:04', '2021-05-24 09:09:04'),
(156, 11, 409, 'Sidoarjo', '2021-05-24 09:09:04', '2021-05-24 09:09:04'),
(157, 11, 418, 'Situbondo', '2021-05-24 09:09:04', '2021-05-24 09:09:04'),
(158, 11, 441, 'Sumenep', '2021-05-24 09:09:04', '2021-05-24 09:09:04'),
(159, 11, 444, 'Surabaya', '2021-05-24 09:09:04', '2021-05-24 09:09:04'),
(160, 11, 487, 'Trenggalek', '2021-05-24 09:09:04', '2021-05-24 09:09:04'),
(161, 11, 489, 'Tuban', '2021-05-24 09:09:04', '2021-05-24 09:09:04'),
(162, 11, 492, 'Tulungagung', '2021-05-24 09:09:04', '2021-05-24 09:09:04'),
(163, 12, 61, 'Bengkayang', '2021-05-24 09:09:06', '2021-05-24 09:09:06'),
(164, 12, 168, 'Kapuas Hulu', '2021-05-24 09:09:06', '2021-05-24 09:09:06'),
(165, 12, 176, 'Kayong Utara', '2021-05-24 09:09:06', '2021-05-24 09:09:06'),
(166, 12, 195, 'Ketapang', '2021-05-24 09:09:06', '2021-05-24 09:09:06'),
(167, 12, 208, 'Kubu Raya', '2021-05-24 09:09:06', '2021-05-24 09:09:06'),
(168, 12, 228, 'Landak', '2021-05-24 09:09:06', '2021-05-24 09:09:06'),
(169, 12, 279, 'Melawi', '2021-05-24 09:09:06', '2021-05-24 09:09:06'),
(170, 12, 364, 'Pontianak', '2021-05-24 09:09:06', '2021-05-24 09:09:06'),
(171, 12, 365, 'Pontianak', '2021-05-24 09:09:07', '2021-05-24 09:09:07'),
(172, 12, 388, 'Sambas', '2021-05-24 09:09:07', '2021-05-24 09:09:07'),
(173, 12, 391, 'Sanggau', '2021-05-24 09:09:07', '2021-05-24 09:09:07'),
(174, 12, 395, 'Sekadau', '2021-05-24 09:09:07', '2021-05-24 09:09:07'),
(175, 12, 415, 'Singkawang', '2021-05-24 09:09:07', '2021-05-24 09:09:07'),
(176, 12, 417, 'Sintang', '2021-05-24 09:09:07', '2021-05-24 09:09:07'),
(177, 13, 18, 'Balangan', '2021-05-24 09:09:09', '2021-05-24 09:09:09'),
(178, 13, 33, 'Banjar', '2021-05-24 09:09:10', '2021-05-24 09:09:10'),
(179, 13, 35, 'Banjarbaru', '2021-05-24 09:09:10', '2021-05-24 09:09:10'),
(180, 13, 36, 'Banjarmasin', '2021-05-24 09:09:10', '2021-05-24 09:09:10'),
(181, 13, 43, 'Barito Kuala', '2021-05-24 09:09:10', '2021-05-24 09:09:10'),
(182, 13, 143, 'Hulu Sungai Selatan', '2021-05-24 09:09:10', '2021-05-24 09:09:10'),
(183, 13, 144, 'Hulu Sungai Tengah', '2021-05-24 09:09:11', '2021-05-24 09:09:11'),
(184, 13, 145, 'Hulu Sungai Utara', '2021-05-24 09:09:11', '2021-05-24 09:09:11'),
(185, 13, 203, 'Kotabaru', '2021-05-24 09:09:11', '2021-05-24 09:09:11'),
(186, 13, 446, 'Tabalong', '2021-05-24 09:09:12', '2021-05-24 09:09:12'),
(187, 13, 452, 'Tanah Bumbu', '2021-05-24 09:09:12', '2021-05-24 09:09:12'),
(188, 13, 454, 'Tanah Laut', '2021-05-24 09:09:12', '2021-05-24 09:09:12'),
(189, 13, 466, 'Tapin', '2021-05-24 09:09:12', '2021-05-24 09:09:12'),
(190, 14, 44, 'Barito Selatan', '2021-05-24 09:09:14', '2021-05-24 09:09:14'),
(191, 14, 45, 'Barito Timur', '2021-05-24 09:09:14', '2021-05-24 09:09:14'),
(192, 14, 46, 'Barito Utara', '2021-05-24 09:09:14', '2021-05-24 09:09:14'),
(193, 14, 136, 'Gunung Mas', '2021-05-24 09:09:15', '2021-05-24 09:09:15'),
(194, 14, 167, 'Kapuas', '2021-05-24 09:09:15', '2021-05-24 09:09:15'),
(195, 14, 174, 'Katingan', '2021-05-24 09:09:15', '2021-05-24 09:09:15'),
(196, 14, 205, 'Kotawaringin Barat', '2021-05-24 09:09:15', '2021-05-24 09:09:15'),
(197, 14, 206, 'Kotawaringin Timur', '2021-05-24 09:09:15', '2021-05-24 09:09:15'),
(198, 14, 221, 'Lamandau', '2021-05-24 09:09:15', '2021-05-24 09:09:15'),
(199, 14, 296, 'Murung Raya', '2021-05-24 09:09:15', '2021-05-24 09:09:15'),
(200, 14, 326, 'Palangka Raya', '2021-05-24 09:09:15', '2021-05-24 09:09:15'),
(201, 14, 371, 'Pulang Pisau', '2021-05-24 09:09:15', '2021-05-24 09:09:15'),
(202, 14, 405, 'Seruyan', '2021-05-24 09:09:16', '2021-05-24 09:09:16'),
(203, 14, 432, 'Sukamara', '2021-05-24 09:09:16', '2021-05-24 09:09:16'),
(204, 15, 19, 'Balikpapan', '2021-05-24 09:09:17', '2021-05-24 09:09:17'),
(205, 15, 66, 'Berau', '2021-05-24 09:09:17', '2021-05-24 09:09:17'),
(206, 15, 89, 'Bontang', '2021-05-24 09:09:18', '2021-05-24 09:09:18'),
(207, 15, 214, 'Kutai Barat', '2021-05-24 09:09:18', '2021-05-24 09:09:18'),
(208, 15, 215, 'Kutai Kartanegara', '2021-05-24 09:09:18', '2021-05-24 09:09:18'),
(209, 15, 216, 'Kutai Timur', '2021-05-24 09:09:18', '2021-05-24 09:09:18'),
(210, 15, 341, 'Paser', '2021-05-24 09:09:18', '2021-05-24 09:09:18'),
(211, 15, 354, 'Penajam Paser Utara', '2021-05-24 09:09:18', '2021-05-24 09:09:18'),
(212, 15, 387, 'Samarinda', '2021-05-24 09:09:18', '2021-05-24 09:09:18'),
(213, 16, 96, 'Bulungan (Bulongan)', '2021-05-24 09:09:20', '2021-05-24 09:09:20'),
(214, 16, 257, 'Malinau', '2021-05-24 09:09:20', '2021-05-24 09:09:20'),
(215, 16, 311, 'Nunukan', '2021-05-24 09:09:20', '2021-05-24 09:09:20'),
(216, 16, 450, 'Tana Tidung', '2021-05-24 09:09:20', '2021-05-24 09:09:20'),
(217, 16, 467, 'Tarakan', '2021-05-24 09:09:20', '2021-05-24 09:09:20'),
(218, 17, 48, 'Batam', '2021-05-24 09:09:21', '2021-05-24 09:09:21'),
(219, 17, 71, 'Bintan', '2021-05-24 09:09:21', '2021-05-24 09:09:21'),
(220, 17, 172, 'Karimun', '2021-05-24 09:09:21', '2021-05-24 09:09:21'),
(221, 17, 184, 'Kepulauan Anambas', '2021-05-24 09:09:21', '2021-05-24 09:09:21'),
(222, 17, 237, 'Lingga', '2021-05-24 09:09:21', '2021-05-24 09:09:21'),
(223, 17, 302, 'Natuna', '2021-05-24 09:09:22', '2021-05-24 09:09:22'),
(224, 17, 462, 'Tanjung Pinang', '2021-05-24 09:09:22', '2021-05-24 09:09:22'),
(225, 18, 21, 'Bandar Lampung', '2021-05-24 09:09:23', '2021-05-24 09:09:23'),
(226, 18, 223, 'Lampung Barat', '2021-05-24 09:09:23', '2021-05-24 09:09:23'),
(227, 18, 224, 'Lampung Selatan', '2021-05-24 09:09:23', '2021-05-24 09:09:23'),
(228, 18, 225, 'Lampung Tengah', '2021-05-24 09:09:24', '2021-05-24 09:09:24'),
(229, 18, 226, 'Lampung Timur', '2021-05-24 09:09:24', '2021-05-24 09:09:24'),
(230, 18, 227, 'Lampung Utara', '2021-05-24 09:09:24', '2021-05-24 09:09:24'),
(231, 18, 282, 'Mesuji', '2021-05-24 09:09:24', '2021-05-24 09:09:24'),
(232, 18, 283, 'Metro', '2021-05-24 09:09:24', '2021-05-24 09:09:24'),
(233, 18, 355, 'Pesawaran', '2021-05-24 09:09:24', '2021-05-24 09:09:24'),
(234, 18, 356, 'Pesisir Barat', '2021-05-24 09:09:24', '2021-05-24 09:09:24'),
(235, 18, 368, 'Pringsewu', '2021-05-24 09:09:25', '2021-05-24 09:09:25'),
(236, 18, 458, 'Tanggamus', '2021-05-24 09:09:25', '2021-05-24 09:09:25'),
(237, 18, 490, 'Tulang Bawang', '2021-05-24 09:09:25', '2021-05-24 09:09:25'),
(238, 18, 491, 'Tulang Bawang Barat', '2021-05-24 09:09:25', '2021-05-24 09:09:25'),
(239, 18, 496, 'Way Kanan', '2021-05-24 09:09:25', '2021-05-24 09:09:25'),
(240, 19, 14, 'Ambon', '2021-05-24 09:09:27', '2021-05-24 09:09:27'),
(241, 19, 99, 'Buru', '2021-05-24 09:09:27', '2021-05-24 09:09:27'),
(242, 19, 100, 'Buru Selatan', '2021-05-24 09:09:27', '2021-05-24 09:09:27'),
(243, 19, 185, 'Kepulauan Aru', '2021-05-24 09:09:27', '2021-05-24 09:09:27'),
(244, 19, 258, 'Maluku Barat Daya', '2021-05-24 09:09:27', '2021-05-24 09:09:27'),
(245, 19, 259, 'Maluku Tengah', '2021-05-24 09:09:27', '2021-05-24 09:09:27'),
(246, 19, 260, 'Maluku Tenggara', '2021-05-24 09:09:27', '2021-05-24 09:09:27'),
(247, 19, 261, 'Maluku Tenggara Barat', '2021-05-24 09:09:27', '2021-05-24 09:09:27'),
(248, 19, 400, 'Seram Bagian Barat', '2021-05-24 09:09:27', '2021-05-24 09:09:27'),
(249, 19, 401, 'Seram Bagian Timur', '2021-05-24 09:09:27', '2021-05-24 09:09:27'),
(250, 19, 488, 'Tual', '2021-05-24 09:09:27', '2021-05-24 09:09:27'),
(251, 20, 138, 'Halmahera Barat', '2021-05-24 09:09:29', '2021-05-24 09:09:29'),
(252, 20, 139, 'Halmahera Selatan', '2021-05-24 09:09:29', '2021-05-24 09:09:29'),
(253, 20, 140, 'Halmahera Tengah', '2021-05-24 09:09:29', '2021-05-24 09:09:29'),
(254, 20, 141, 'Halmahera Timur', '2021-05-24 09:09:29', '2021-05-24 09:09:29'),
(255, 20, 142, 'Halmahera Utara', '2021-05-24 09:09:29', '2021-05-24 09:09:29'),
(256, 20, 191, 'Kepulauan Sula', '2021-05-24 09:09:29', '2021-05-24 09:09:29'),
(257, 20, 372, 'Pulau Morotai', '2021-05-24 09:09:29', '2021-05-24 09:09:29'),
(258, 20, 477, 'Ternate', '2021-05-24 09:09:29', '2021-05-24 09:09:29'),
(259, 20, 478, 'Tidore Kepulauan', '2021-05-24 09:09:30', '2021-05-24 09:09:30'),
(260, 21, 1, 'Aceh Barat', '2021-05-24 09:09:31', '2021-05-24 09:09:31'),
(261, 21, 2, 'Aceh Barat Daya', '2021-05-24 09:09:31', '2021-05-24 09:09:31'),
(262, 21, 3, 'Aceh Besar', '2021-05-24 09:09:31', '2021-05-24 09:09:31'),
(263, 21, 4, 'Aceh Jaya', '2021-05-24 09:09:31', '2021-05-24 09:09:31'),
(264, 21, 5, 'Aceh Selatan', '2021-05-24 09:09:31', '2021-05-24 09:09:31'),
(265, 21, 6, 'Aceh Singkil', '2021-05-24 09:09:31', '2021-05-24 09:09:31'),
(266, 21, 7, 'Aceh Tamiang', '2021-05-24 09:09:31', '2021-05-24 09:09:31'),
(267, 21, 8, 'Aceh Tengah', '2021-05-24 09:09:31', '2021-05-24 09:09:31'),
(268, 21, 9, 'Aceh Tenggara', '2021-05-24 09:09:31', '2021-05-24 09:09:31'),
(269, 21, 10, 'Aceh Timur', '2021-05-24 09:09:32', '2021-05-24 09:09:32'),
(270, 21, 11, 'Aceh Utara', '2021-05-24 09:09:32', '2021-05-24 09:09:32'),
(271, 21, 20, 'Banda Aceh', '2021-05-24 09:09:32', '2021-05-24 09:09:32'),
(272, 21, 59, 'Bener Meriah', '2021-05-24 09:09:32', '2021-05-24 09:09:32'),
(273, 21, 72, 'Bireuen', '2021-05-24 09:09:32', '2021-05-24 09:09:32'),
(274, 21, 127, 'Gayo Lues', '2021-05-24 09:09:32', '2021-05-24 09:09:32'),
(275, 21, 230, 'Langsa', '2021-05-24 09:09:32', '2021-05-24 09:09:32'),
(276, 21, 235, 'Lhokseumawe', '2021-05-24 09:09:32', '2021-05-24 09:09:32'),
(277, 21, 300, 'Nagan Raya', '2021-05-24 09:09:32', '2021-05-24 09:09:32'),
(278, 21, 358, 'Pidie', '2021-05-24 09:09:32', '2021-05-24 09:09:32'),
(279, 21, 359, 'Pidie Jaya', '2021-05-24 09:09:32', '2021-05-24 09:09:32'),
(280, 21, 384, 'Sabang', '2021-05-24 09:09:32', '2021-05-24 09:09:32'),
(281, 21, 414, 'Simeulue', '2021-05-24 09:09:32', '2021-05-24 09:09:32'),
(282, 21, 429, 'Subulussalam', '2021-05-24 09:09:33', '2021-05-24 09:09:33'),
(283, 22, 68, 'Bima', '2021-05-24 09:09:34', '2021-05-24 09:09:34'),
(284, 22, 69, 'Bima', '2021-05-24 09:09:34', '2021-05-24 09:09:34'),
(285, 22, 118, 'Dompu', '2021-05-24 09:09:34', '2021-05-24 09:09:34'),
(286, 22, 238, 'Lombok Barat', '2021-05-24 09:09:34', '2021-05-24 09:09:34'),
(287, 22, 239, 'Lombok Tengah', '2021-05-24 09:09:34', '2021-05-24 09:09:34'),
(288, 22, 240, 'Lombok Timur', '2021-05-24 09:09:34', '2021-05-24 09:09:34'),
(289, 22, 241, 'Lombok Utara', '2021-05-24 09:09:34', '2021-05-24 09:09:34'),
(290, 22, 276, 'Mataram', '2021-05-24 09:09:34', '2021-05-24 09:09:34'),
(291, 22, 438, 'Sumbawa', '2021-05-24 09:09:34', '2021-05-24 09:09:34'),
(292, 22, 439, 'Sumbawa Barat', '2021-05-24 09:09:34', '2021-05-24 09:09:34'),
(293, 23, 13, 'Alor', '2021-05-24 09:09:36', '2021-05-24 09:09:36'),
(294, 23, 58, 'Belu', '2021-05-24 09:09:36', '2021-05-24 09:09:36'),
(295, 23, 122, 'Ende', '2021-05-24 09:09:36', '2021-05-24 09:09:36'),
(296, 23, 125, 'Flores Timur', '2021-05-24 09:09:36', '2021-05-24 09:09:36'),
(297, 23, 212, 'Kupang', '2021-05-24 09:09:36', '2021-05-24 09:09:36'),
(298, 23, 213, 'Kupang', '2021-05-24 09:09:36', '2021-05-24 09:09:36'),
(299, 23, 234, 'Lembata', '2021-05-24 09:09:36', '2021-05-24 09:09:36'),
(300, 23, 269, 'Manggarai', '2021-05-24 09:09:36', '2021-05-24 09:09:36'),
(301, 23, 270, 'Manggarai Barat', '2021-05-24 09:09:36', '2021-05-24 09:09:36'),
(302, 23, 271, 'Manggarai Timur', '2021-05-24 09:09:37', '2021-05-24 09:09:37'),
(303, 23, 301, 'Nagekeo', '2021-05-24 09:09:37', '2021-05-24 09:09:37'),
(304, 23, 304, 'Ngada', '2021-05-24 09:09:37', '2021-05-24 09:09:37'),
(305, 23, 383, 'Rote Ndao', '2021-05-24 09:09:37', '2021-05-24 09:09:37'),
(306, 23, 385, 'Sabu Raijua', '2021-05-24 09:09:37', '2021-05-24 09:09:37'),
(307, 23, 412, 'Sikka', '2021-05-24 09:09:37', '2021-05-24 09:09:37'),
(308, 23, 434, 'Sumba Barat', '2021-05-24 09:09:37', '2021-05-24 09:09:37'),
(309, 23, 435, 'Sumba Barat Daya', '2021-05-24 09:09:37', '2021-05-24 09:09:37'),
(310, 23, 436, 'Sumba Tengah', '2021-05-24 09:09:37', '2021-05-24 09:09:37'),
(311, 23, 437, 'Sumba Timur', '2021-05-24 09:09:37', '2021-05-24 09:09:37'),
(312, 23, 479, 'Timor Tengah Selatan', '2021-05-24 09:09:37', '2021-05-24 09:09:37'),
(313, 23, 480, 'Timor Tengah Utara', '2021-05-24 09:09:37', '2021-05-24 09:09:37'),
(314, 24, 16, 'Asmat', '2021-05-24 09:09:39', '2021-05-24 09:09:39'),
(315, 24, 67, 'Biak Numfor', '2021-05-24 09:09:39', '2021-05-24 09:09:39'),
(316, 24, 90, 'Boven Digoel', '2021-05-24 09:09:39', '2021-05-24 09:09:39'),
(317, 24, 111, 'Deiyai (Deliyai)', '2021-05-24 09:09:39', '2021-05-24 09:09:39'),
(318, 24, 117, 'Dogiyai', '2021-05-24 09:09:39', '2021-05-24 09:09:39'),
(319, 24, 150, 'Intan Jaya', '2021-05-24 09:09:40', '2021-05-24 09:09:40'),
(320, 24, 157, 'Jayapura', '2021-05-24 09:09:40', '2021-05-24 09:09:40'),
(321, 24, 158, 'Jayapura', '2021-05-24 09:09:40', '2021-05-24 09:09:40'),
(322, 24, 159, 'Jayawijaya', '2021-05-24 09:09:40', '2021-05-24 09:09:40'),
(323, 24, 180, 'Keerom', '2021-05-24 09:09:40', '2021-05-24 09:09:40'),
(324, 24, 193, 'Kepulauan Yapen (Yapen Waropen)', '2021-05-24 09:09:40', '2021-05-24 09:09:40'),
(325, 24, 231, 'Lanny Jaya', '2021-05-24 09:09:40', '2021-05-24 09:09:40'),
(326, 24, 263, 'Mamberamo Raya', '2021-05-24 09:09:40', '2021-05-24 09:09:40'),
(327, 24, 264, 'Mamberamo Tengah', '2021-05-24 09:09:40', '2021-05-24 09:09:40'),
(328, 24, 274, 'Mappi', '2021-05-24 09:09:40', '2021-05-24 09:09:40'),
(329, 24, 281, 'Merauke', '2021-05-24 09:09:40', '2021-05-24 09:09:40'),
(330, 24, 284, 'Mimika', '2021-05-24 09:09:40', '2021-05-24 09:09:40'),
(331, 24, 299, 'Nabire', '2021-05-24 09:09:40', '2021-05-24 09:09:40'),
(332, 24, 303, 'Nduga', '2021-05-24 09:09:40', '2021-05-24 09:09:40'),
(333, 24, 335, 'Paniai', '2021-05-24 09:09:40', '2021-05-24 09:09:40'),
(334, 24, 347, 'Pegunungan Bintang', '2021-05-24 09:09:40', '2021-05-24 09:09:40'),
(335, 24, 373, 'Puncak', '2021-05-24 09:09:40', '2021-05-24 09:09:40'),
(336, 24, 374, 'Puncak Jaya', '2021-05-24 09:09:41', '2021-05-24 09:09:41'),
(337, 24, 392, 'Sarmi', '2021-05-24 09:09:41', '2021-05-24 09:09:41'),
(338, 24, 443, 'Supiori', '2021-05-24 09:09:41', '2021-05-24 09:09:41'),
(339, 24, 484, 'Tolikara', '2021-05-24 09:09:41', '2021-05-24 09:09:41'),
(340, 24, 495, 'Waropen', '2021-05-24 09:09:41', '2021-05-24 09:09:41'),
(341, 24, 499, 'Yahukimo', '2021-05-24 09:09:41', '2021-05-24 09:09:41'),
(342, 24, 500, 'Yalimo', '2021-05-24 09:09:41', '2021-05-24 09:09:41'),
(343, 25, 124, 'Fakfak', '2021-05-24 09:09:42', '2021-05-24 09:09:42'),
(344, 25, 165, 'Kaimana', '2021-05-24 09:09:42', '2021-05-24 09:09:42'),
(345, 25, 272, 'Manokwari', '2021-05-24 09:09:42', '2021-05-24 09:09:42'),
(346, 25, 273, 'Manokwari Selatan', '2021-05-24 09:09:42', '2021-05-24 09:09:42'),
(347, 25, 277, 'Maybrat', '2021-05-24 09:09:43', '2021-05-24 09:09:43'),
(348, 25, 346, 'Pegunungan Arfak', '2021-05-24 09:09:43', '2021-05-24 09:09:43'),
(349, 25, 378, 'Raja Ampat', '2021-05-24 09:09:43', '2021-05-24 09:09:43'),
(350, 25, 424, 'Sorong', '2021-05-24 09:09:43', '2021-05-24 09:09:43'),
(351, 25, 425, 'Sorong', '2021-05-24 09:09:43', '2021-05-24 09:09:43'),
(352, 25, 426, 'Sorong Selatan', '2021-05-24 09:09:43', '2021-05-24 09:09:43'),
(353, 25, 449, 'Tambrauw', '2021-05-24 09:09:43', '2021-05-24 09:09:43'),
(354, 25, 474, 'Teluk Bintuni', '2021-05-24 09:09:43', '2021-05-24 09:09:43'),
(355, 25, 475, 'Teluk Wondama', '2021-05-24 09:09:43', '2021-05-24 09:09:43'),
(356, 26, 60, 'Bengkalis', '2021-05-24 09:09:44', '2021-05-24 09:09:44'),
(357, 26, 120, 'Dumai', '2021-05-24 09:09:44', '2021-05-24 09:09:44'),
(358, 26, 147, 'Indragiri Hilir', '2021-05-24 09:09:44', '2021-05-24 09:09:44'),
(359, 26, 148, 'Indragiri Hulu', '2021-05-24 09:09:44', '2021-05-24 09:09:44'),
(360, 26, 166, 'Kampar', '2021-05-24 09:09:44', '2021-05-24 09:09:44'),
(361, 26, 187, 'Kepulauan Meranti', '2021-05-24 09:09:44', '2021-05-24 09:09:44'),
(362, 26, 207, 'Kuantan Singingi', '2021-05-24 09:09:44', '2021-05-24 09:09:44'),
(363, 26, 350, 'Pekanbaru', '2021-05-24 09:09:45', '2021-05-24 09:09:45'),
(364, 26, 351, 'Pelalawan', '2021-05-24 09:09:45', '2021-05-24 09:09:45'),
(365, 26, 381, 'Rokan Hilir', '2021-05-24 09:09:45', '2021-05-24 09:09:45'),
(366, 26, 382, 'Rokan Hulu', '2021-05-24 09:09:45', '2021-05-24 09:09:45'),
(367, 26, 406, 'Siak', '2021-05-24 09:09:45', '2021-05-24 09:09:45'),
(368, 27, 253, 'Majene', '2021-05-24 09:09:46', '2021-05-24 09:09:46'),
(369, 27, 262, 'Mamasa', '2021-05-24 09:09:46', '2021-05-24 09:09:46'),
(370, 27, 265, 'Mamuju', '2021-05-24 09:09:46', '2021-05-24 09:09:46'),
(371, 27, 266, 'Mamuju Utara', '2021-05-24 09:09:46', '2021-05-24 09:09:46'),
(372, 27, 362, 'Polewali Mandar', '2021-05-24 09:09:47', '2021-05-24 09:09:47'),
(373, 28, 38, 'Bantaeng', '2021-05-24 09:09:48', '2021-05-24 09:09:48'),
(374, 28, 47, 'Barru', '2021-05-24 09:09:48', '2021-05-24 09:09:48'),
(375, 28, 87, 'Bone', '2021-05-24 09:09:48', '2021-05-24 09:09:48'),
(376, 28, 95, 'Bulukumba', '2021-05-24 09:09:48', '2021-05-24 09:09:48'),
(377, 28, 123, 'Enrekang', '2021-05-24 09:09:48', '2021-05-24 09:09:48'),
(378, 28, 132, 'Gowa', '2021-05-24 09:09:48', '2021-05-24 09:09:48'),
(379, 28, 162, 'Jeneponto', '2021-05-24 09:09:48', '2021-05-24 09:09:48'),
(380, 28, 244, 'Luwu', '2021-05-24 09:09:49', '2021-05-24 09:09:49'),
(381, 28, 245, 'Luwu Timur', '2021-05-24 09:09:49', '2021-05-24 09:09:49'),
(382, 28, 246, 'Luwu Utara', '2021-05-24 09:09:49', '2021-05-24 09:09:49'),
(383, 28, 254, 'Makassar', '2021-05-24 09:09:49', '2021-05-24 09:09:49'),
(384, 28, 275, 'Maros', '2021-05-24 09:09:49', '2021-05-24 09:09:49'),
(385, 28, 328, 'Palopo', '2021-05-24 09:09:49', '2021-05-24 09:09:49'),
(386, 28, 333, 'Pangkajene Kepulauan', '2021-05-24 09:09:49', '2021-05-24 09:09:49'),
(387, 28, 336, 'Parepare', '2021-05-24 09:09:49', '2021-05-24 09:09:49'),
(388, 28, 360, 'Pinrang', '2021-05-24 09:09:49', '2021-05-24 09:09:49'),
(389, 28, 396, 'Selayar (Kepulauan Selayar)', '2021-05-24 09:09:49', '2021-05-24 09:09:49'),
(390, 28, 408, 'Sidenreng Rappang/Rapang', '2021-05-24 09:09:49', '2021-05-24 09:09:49'),
(391, 28, 416, 'Sinjai', '2021-05-24 09:09:49', '2021-05-24 09:09:49'),
(392, 28, 423, 'Soppeng', '2021-05-24 09:09:49', '2021-05-24 09:09:49'),
(393, 28, 448, 'Takalar', '2021-05-24 09:09:49', '2021-05-24 09:09:49'),
(394, 28, 451, 'Tana Toraja', '2021-05-24 09:09:49', '2021-05-24 09:09:49'),
(395, 28, 486, 'Toraja Utara', '2021-05-24 09:09:50', '2021-05-24 09:09:50'),
(396, 28, 493, 'Wajo', '2021-05-24 09:09:50', '2021-05-24 09:09:50'),
(397, 29, 25, 'Banggai', '2021-05-24 09:09:51', '2021-05-24 09:09:51'),
(398, 29, 26, 'Banggai Kepulauan', '2021-05-24 09:09:51', '2021-05-24 09:09:51'),
(399, 29, 98, 'Buol', '2021-05-24 09:09:51', '2021-05-24 09:09:51'),
(400, 29, 119, 'Donggala', '2021-05-24 09:09:51', '2021-05-24 09:09:51'),
(401, 29, 291, 'Morowali', '2021-05-24 09:09:51', '2021-05-24 09:09:51'),
(402, 29, 329, 'Palu', '2021-05-24 09:09:51', '2021-05-24 09:09:51'),
(403, 29, 338, 'Parigi Moutong', '2021-05-24 09:09:51', '2021-05-24 09:09:51'),
(404, 29, 366, 'Poso', '2021-05-24 09:09:51', '2021-05-24 09:09:51'),
(405, 29, 410, 'Sigi', '2021-05-24 09:09:51', '2021-05-24 09:09:51'),
(406, 29, 482, 'Tojo Una-Una', '2021-05-24 09:09:52', '2021-05-24 09:09:52'),
(407, 29, 483, 'Toli-Toli', '2021-05-24 09:09:52', '2021-05-24 09:09:52'),
(408, 30, 53, 'Bau-Bau', '2021-05-24 09:09:53', '2021-05-24 09:09:53'),
(409, 30, 85, 'Bombana', '2021-05-24 09:09:53', '2021-05-24 09:09:53'),
(410, 30, 101, 'Buton', '2021-05-24 09:09:53', '2021-05-24 09:09:53'),
(411, 30, 102, 'Buton Utara', '2021-05-24 09:09:53', '2021-05-24 09:09:53'),
(412, 30, 182, 'Kendari', '2021-05-24 09:09:53', '2021-05-24 09:09:53'),
(413, 30, 198, 'Kolaka', '2021-05-24 09:09:53', '2021-05-24 09:09:53'),
(414, 30, 199, 'Kolaka Utara', '2021-05-24 09:09:53', '2021-05-24 09:09:53'),
(415, 30, 200, 'Konawe', '2021-05-24 09:09:53', '2021-05-24 09:09:53'),
(416, 30, 201, 'Konawe Selatan', '2021-05-24 09:09:53', '2021-05-24 09:09:53'),
(417, 30, 202, 'Konawe Utara', '2021-05-24 09:09:53', '2021-05-24 09:09:53'),
(418, 30, 295, 'Muna', '2021-05-24 09:09:54', '2021-05-24 09:09:54'),
(419, 30, 494, 'Wakatobi', '2021-05-24 09:09:54', '2021-05-24 09:09:54'),
(420, 31, 73, 'Bitung', '2021-05-24 09:09:55', '2021-05-24 09:09:55'),
(421, 31, 81, 'Bolaang Mongondow (Bolmong)', '2021-05-24 09:09:55', '2021-05-24 09:09:55'),
(422, 31, 82, 'Bolaang Mongondow Selatan', '2021-05-24 09:09:55', '2021-05-24 09:09:55'),
(423, 31, 83, 'Bolaang Mongondow Timur', '2021-05-24 09:09:55', '2021-05-24 09:09:55'),
(424, 31, 84, 'Bolaang Mongondow Utara', '2021-05-24 09:09:55', '2021-05-24 09:09:55'),
(425, 31, 188, 'Kepulauan Sangihe', '2021-05-24 09:09:56', '2021-05-24 09:09:56'),
(426, 31, 190, 'Kepulauan Siau Tagulandang Biaro (Sitaro)', '2021-05-24 09:09:56', '2021-05-24 09:09:56'),
(427, 31, 192, 'Kepulauan Talaud', '2021-05-24 09:09:56', '2021-05-24 09:09:56'),
(428, 31, 204, 'Kotamobagu', '2021-05-24 09:09:56', '2021-05-24 09:09:56'),
(429, 31, 267, 'Manado', '2021-05-24 09:09:56', '2021-05-24 09:09:56'),
(430, 31, 285, 'Minahasa', '2021-05-24 09:09:56', '2021-05-24 09:09:56'),
(431, 31, 286, 'Minahasa Selatan', '2021-05-24 09:09:56', '2021-05-24 09:09:56'),
(432, 31, 287, 'Minahasa Tenggara', '2021-05-24 09:09:56', '2021-05-24 09:09:56'),
(433, 31, 288, 'Minahasa Utara', '2021-05-24 09:09:56', '2021-05-24 09:09:56'),
(434, 31, 485, 'Tomohon', '2021-05-24 09:09:56', '2021-05-24 09:09:56'),
(435, 32, 12, 'Agam', '2021-05-24 09:09:58', '2021-05-24 09:09:58'),
(436, 32, 93, 'Bukittinggi', '2021-05-24 09:09:58', '2021-05-24 09:09:58'),
(437, 32, 116, 'Dharmasraya', '2021-05-24 09:09:58', '2021-05-24 09:09:58'),
(438, 32, 186, 'Kepulauan Mentawai', '2021-05-24 09:09:58', '2021-05-24 09:09:58'),
(439, 32, 236, 'Lima Puluh Koto/Kota', '2021-05-24 09:09:58', '2021-05-24 09:09:58'),
(440, 32, 318, 'Padang', '2021-05-24 09:09:58', '2021-05-24 09:09:58'),
(441, 32, 321, 'Padang Panjang', '2021-05-24 09:09:58', '2021-05-24 09:09:58'),
(442, 32, 322, 'Padang Pariaman', '2021-05-24 09:09:58', '2021-05-24 09:09:58'),
(443, 32, 337, 'Pariaman', '2021-05-24 09:09:58', '2021-05-24 09:09:58'),
(444, 32, 339, 'Pasaman', '2021-05-24 09:09:58', '2021-05-24 09:09:58'),
(445, 32, 340, 'Pasaman Barat', '2021-05-24 09:09:58', '2021-05-24 09:09:58'),
(446, 32, 345, 'Payakumbuh', '2021-05-24 09:09:58', '2021-05-24 09:09:58'),
(447, 32, 357, 'Pesisir Selatan', '2021-05-24 09:09:58', '2021-05-24 09:09:58'),
(448, 32, 394, 'Sawah Lunto', '2021-05-24 09:09:58', '2021-05-24 09:09:58'),
(449, 32, 411, 'Sijunjung (Sawah Lunto Sijunjung)', '2021-05-24 09:09:58', '2021-05-24 09:09:58'),
(450, 32, 420, 'Solok', '2021-05-24 09:09:58', '2021-05-24 09:09:58'),
(451, 32, 421, 'Solok', '2021-05-24 09:09:59', '2021-05-24 09:09:59'),
(452, 32, 422, 'Solok Selatan', '2021-05-24 09:09:59', '2021-05-24 09:09:59'),
(453, 32, 453, 'Tanah Datar', '2021-05-24 09:09:59', '2021-05-24 09:09:59'),
(454, 33, 40, 'Banyuasin', '2021-05-24 09:10:00', '2021-05-24 09:10:00'),
(455, 33, 121, 'Empat Lawang', '2021-05-24 09:10:00', '2021-05-24 09:10:00'),
(456, 33, 220, 'Lahat', '2021-05-24 09:10:00', '2021-05-24 09:10:00'),
(457, 33, 242, 'Lubuk Linggau', '2021-05-24 09:10:00', '2021-05-24 09:10:00'),
(458, 33, 292, 'Muara Enim', '2021-05-24 09:10:00', '2021-05-24 09:10:00'),
(459, 33, 297, 'Musi Banyuasin', '2021-05-24 09:10:00', '2021-05-24 09:10:00'),
(460, 33, 298, 'Musi Rawas', '2021-05-24 09:10:00', '2021-05-24 09:10:00'),
(461, 33, 312, 'Ogan Ilir', '2021-05-24 09:10:00', '2021-05-24 09:10:00'),
(462, 33, 313, 'Ogan Komering Ilir', '2021-05-24 09:10:00', '2021-05-24 09:10:00'),
(463, 33, 314, 'Ogan Komering Ulu', '2021-05-24 09:10:00', '2021-05-24 09:10:00'),
(464, 33, 315, 'Ogan Komering Ulu Selatan', '2021-05-24 09:10:00', '2021-05-24 09:10:00'),
(465, 33, 316, 'Ogan Komering Ulu Timur', '2021-05-24 09:10:00', '2021-05-24 09:10:00'),
(466, 33, 324, 'Pagar Alam', '2021-05-24 09:10:00', '2021-05-24 09:10:00'),
(467, 33, 327, 'Palembang', '2021-05-24 09:10:00', '2021-05-24 09:10:00'),
(468, 33, 367, 'Prabumulih', '2021-05-24 09:10:00', '2021-05-24 09:10:00'),
(469, 34, 15, 'Asahan', '2021-05-24 09:10:02', '2021-05-24 09:10:02'),
(470, 34, 52, 'Batu Bara', '2021-05-24 09:10:02', '2021-05-24 09:10:02'),
(471, 34, 70, 'Binjai', '2021-05-24 09:10:02', '2021-05-24 09:10:02'),
(472, 34, 110, 'Dairi', '2021-05-24 09:10:02', '2021-05-24 09:10:02'),
(473, 34, 112, 'Deli Serdang', '2021-05-24 09:10:02', '2021-05-24 09:10:02'),
(474, 34, 137, 'Gunungsitoli', '2021-05-24 09:10:02', '2021-05-24 09:10:02'),
(475, 34, 146, 'Humbang Hasundutan', '2021-05-24 09:10:02', '2021-05-24 09:10:02'),
(476, 34, 173, 'Karo', '2021-05-24 09:10:02', '2021-05-24 09:10:02'),
(477, 34, 217, 'Labuhan Batu', '2021-05-24 09:10:02', '2021-05-24 09:10:02'),
(478, 34, 218, 'Labuhan Batu Selatan', '2021-05-24 09:10:02', '2021-05-24 09:10:02'),
(479, 34, 219, 'Labuhan Batu Utara', '2021-05-24 09:10:02', '2021-05-24 09:10:02'),
(480, 34, 229, 'Langkat', '2021-05-24 09:10:03', '2021-05-24 09:10:03'),
(481, 34, 268, 'Mandailing Natal', '2021-05-24 09:10:03', '2021-05-24 09:10:03'),
(482, 34, 278, 'Medan', '2021-05-24 09:10:03', '2021-05-24 09:10:03'),
(483, 34, 307, 'Nias', '2021-05-24 09:10:03', '2021-05-24 09:10:03'),
(484, 34, 308, 'Nias Barat', '2021-05-24 09:10:03', '2021-05-24 09:10:03'),
(485, 34, 309, 'Nias Selatan', '2021-05-24 09:10:03', '2021-05-24 09:10:03'),
(486, 34, 310, 'Nias Utara', '2021-05-24 09:10:03', '2021-05-24 09:10:03'),
(487, 34, 319, 'Padang Lawas', '2021-05-24 09:10:03', '2021-05-24 09:10:03'),
(488, 34, 320, 'Padang Lawas Utara', '2021-05-24 09:10:03', '2021-05-24 09:10:03'),
(489, 34, 323, 'Padang Sidempuan', '2021-05-24 09:10:03', '2021-05-24 09:10:03'),
(490, 34, 325, 'Pakpak Bharat', '2021-05-24 09:10:03', '2021-05-24 09:10:03'),
(491, 34, 353, 'Pematang Siantar', '2021-05-24 09:10:03', '2021-05-24 09:10:03'),
(492, 34, 389, 'Samosir', '2021-05-24 09:10:03', '2021-05-24 09:10:03'),
(493, 34, 404, 'Serdang Bedagai', '2021-05-24 09:10:03', '2021-05-24 09:10:03'),
(494, 34, 407, 'Sibolga', '2021-05-24 09:10:03', '2021-05-24 09:10:03'),
(495, 34, 413, 'Simalungun', '2021-05-24 09:10:03', '2021-05-24 09:10:03'),
(496, 34, 459, 'Tanjung Balai', '2021-05-24 09:10:03', '2021-05-24 09:10:03'),
(497, 34, 463, 'Tapanuli Selatan', '2021-05-24 09:10:03', '2021-05-24 09:10:03'),
(498, 34, 464, 'Tapanuli Tengah', '2021-05-24 09:10:03', '2021-05-24 09:10:03'),
(499, 34, 465, 'Tapanuli Utara', '2021-05-24 09:10:03', '2021-05-24 09:10:03'),
(500, 34, 470, 'Tebing Tinggi', '2021-05-24 09:10:03', '2021-05-24 09:10:03'),
(501, 34, 481, 'Toba Samosir', '2021-05-24 09:10:03', '2021-05-24 09:10:03');

-- --------------------------------------------------------

--
-- Table structure for table `couriers`
--

CREATE TABLE `couriers` (
  `id` bigint(20) UNSIGNED NOT NULL,
  `code` varchar(255) COLLATE utf8mb4_unicode_ci NOT NULL,
  `title` varchar(255) COLLATE utf8mb4_unicode_ci NOT NULL,
  `created_at` timestamp NULL DEFAULT NULL,
  `updated_at` timestamp NULL DEFAULT NULL
) ENGINE=InnoDB DEFAULT CHARSET=utf8mb4 COLLATE=utf8mb4_unicode_ci;

--
-- Dumping data for table `couriers`
--

INSERT INTO `couriers` (`id`, `code`, `title`, `created_at`, `updated_at`) VALUES
(1, 'jne', 'JNE', NULL, NULL),
(2, 'pos', 'POS', NULL, NULL),
(3, 'tiki', 'TIKI', NULL, NULL);

-- --------------------------------------------------------

--
-- Table structure for table `detail_order`
--

CREATE TABLE `detail_order` (
  `id` bigint(20) UNSIGNED NOT NULL,
  `order_id` bigint(20) UNSIGNED NOT NULL,
  `product_id` bigint(20) UNSIGNED NOT NULL,
  `qty` int(11) NOT NULL,
  `created_at` timestamp NULL DEFAULT NULL,
  `updated_at` timestamp NULL DEFAULT NULL
) ENGINE=InnoDB DEFAULT CHARSET=utf8mb4 COLLATE=utf8mb4_unicode_ci;

--
-- Dumping data for table `detail_order`
--

INSERT INTO `detail_order` (`id`, `order_id`, `product_id`, `qty`, `created_at`, `updated_at`) VALUES
(21, 29, 9, 2, '2020-03-28 05:37:40', '2020-03-28 05:37:40'),
(22, 30, 15, 1, '2020-04-27 09:09:01', '2020-04-27 09:09:01'),
(23, 31, 38, 2, '2021-05-27 04:06:41', '2021-05-27 04:06:41'),
(24, 32, 39, 1, '2021-05-31 05:43:10', '2021-05-31 05:43:10'),
(25, 33, 40, 2, '2021-05-31 06:16:46', '2021-05-31 06:16:46'),
(26, 34, 38, 2, '2021-06-01 02:40:34', '2021-06-01 02:40:34'),
(27, 35, 41, 10, '2021-06-01 04:06:20', '2021-06-01 04:06:20'),
(28, 36, 39, 1, '2021-06-01 04:15:35', '2021-06-01 04:15:35'),
(29, 37, 39, 1, '2021-06-02 01:19:46', '2021-06-02 01:19:46'),
(30, 38, 40, 1, '2021-06-02 23:12:23', '2021-06-02 23:12:23'),
(31, 39, 40, 3, '2021-06-07 09:11:15', '2021-06-07 09:11:15'),
(32, 40, 41, 1, '2021-06-08 08:22:11', '2021-06-08 08:22:11'),
(33, 41, 38, 3, '2021-06-08 08:24:50', '2021-06-08 08:24:50'),
(34, 42, 38, 1, '2021-06-08 16:20:12', '2021-06-08 16:20:12'),
(36, 44, 41, 1, '2021-06-08 18:16:00', '2021-06-08 18:16:00');

-- --------------------------------------------------------

--
-- Table structure for table `failed_jobs`
--

CREATE TABLE `failed_jobs` (
  `id` bigint(20) UNSIGNED NOT NULL,
  `connection` text COLLATE utf8mb4_unicode_ci NOT NULL,
  `queue` text COLLATE utf8mb4_unicode_ci NOT NULL,
  `payload` longtext COLLATE utf8mb4_unicode_ci NOT NULL,
  `exception` longtext COLLATE utf8mb4_unicode_ci NOT NULL,
  `failed_at` timestamp NOT NULL DEFAULT current_timestamp()
) ENGINE=InnoDB DEFAULT CHARSET=utf8mb4 COLLATE=utf8mb4_unicode_ci;

-- --------------------------------------------------------

--
-- Table structure for table `keranjang`
--

CREATE TABLE `keranjang` (
  `id` bigint(20) UNSIGNED NOT NULL,
  `user_id` bigint(20) UNSIGNED NOT NULL,
  `products_id` bigint(20) UNSIGNED NOT NULL,
  `qty` int(11) NOT NULL,
  `created_at` timestamp NULL DEFAULT NULL,
  `updated_at` timestamp NULL DEFAULT NULL
) ENGINE=InnoDB DEFAULT CHARSET=utf8mb4 COLLATE=utf8mb4_unicode_ci;

--
-- Dumping data for table `keranjang`
--

INSERT INTO `keranjang` (`id`, `user_id`, `products_id`, `qty`, `created_at`, `updated_at`) VALUES
(14, 7, 4, 2, '2020-03-24 19:04:26', '2020-03-24 19:04:26'),
(19, 8, 5, 1, '2020-03-25 02:54:09', '2020-03-25 02:54:09');

-- --------------------------------------------------------

--
-- Table structure for table `migrations`
--

CREATE TABLE `migrations` (
  `id` int(10) UNSIGNED NOT NULL,
  `migration` varchar(255) COLLATE utf8mb4_unicode_ci NOT NULL,
  `batch` int(11) NOT NULL
) ENGINE=InnoDB DEFAULT CHARSET=utf8mb4 COLLATE=utf8mb4_unicode_ci;

--
-- Dumping data for table `migrations`
--

INSERT INTO `migrations` (`id`, `migration`, `batch`) VALUES
(1, '2014_10_12_000000_create_users_table', 1),
(2, '2014_10_12_100000_create_password_resets_table', 1),
(3, '2019_08_19_000000_create_failed_jobs_table', 1),
(4, '2020_03_22_020309_create_provinces_table', 1),
(5, '2020_03_22_020319_create_cities_table', 1),
(6, '2020_03_22_020330_create_couriers_table', 1),
(7, '2020_03_22_074903_create_categories_tables', 1),
(8, '2020_03_22_074918_create_products_tables', 1),
(9, '2020_03_22_132305_create_alamat_tables', 1),
(10, '2020_03_22_132559_create_order_table', 1),
(11, '2020_03_22_132659_create_detail_order', 1),
(12, '2020_03_22_134342_create_status_order_table', 1),
(13, '2020_03_22_143238_add_stok_to_product', 1),
(14, '2020_03_22_150047_create_rekening_table', 1),
(15, '2020_03_22_150145_add_biaya_cod_to_order', 1),
(16, '2020_03_23_101813_add_keterangan_to_order', 1),
(17, '2020_03_23_101848_create_keranjang_table', 1),
(18, '2020_03_24_071526_add_bukti_telepon_to_order', 1),
(19, '2020_03_24_072038_add_pesan_to_order', 1),
(20, '2020_03_26_131136_create_alamat_toko_table', 1),
(21, '2021_06_02_072614_create_review_table', 2);

-- --------------------------------------------------------

--
-- Table structure for table `order`
--

CREATE TABLE `order` (
  `id` bigint(20) UNSIGNED NOT NULL,
  `invoice` varchar(255) COLLATE utf8mb4_unicode_ci NOT NULL,
  `user_id` bigint(20) UNSIGNED NOT NULL,
  `subtotal` int(11) NOT NULL,
  `no_resi` varchar(255) COLLATE utf8mb4_unicode_ci DEFAULT NULL,
  `status_order_id` bigint(20) UNSIGNED NOT NULL,
  `metode_pembayaran` varchar(255) COLLATE utf8mb4_unicode_ci NOT NULL,
  `ongkir` int(11) DEFAULT NULL,
  `created_at` timestamp NULL DEFAULT NULL,
  `updated_at` timestamp NULL DEFAULT NULL,
  `biaya_cod` int(11) NOT NULL,
  `no_hp` varchar(255) COLLATE utf8mb4_unicode_ci NOT NULL,
  `bukti_pembayaran` varchar(255) COLLATE utf8mb4_unicode_ci DEFAULT NULL,
  `pesan` text COLLATE utf8mb4_unicode_ci NOT NULL
) ENGINE=InnoDB DEFAULT CHARSET=utf8mb4 COLLATE=utf8mb4_unicode_ci;

--
-- Dumping data for table `order`
--

INSERT INTO `order` (`id`, `invoice`, `user_id`, `subtotal`, `no_resi`, `status_order_id`, `metode_pembayaran`, `ongkir`, `created_at`, `updated_at`, `biaya_cod`, `no_hp`, `bukti_pembayaran`, `pesan`) VALUES
(29, 'ALV202003281234', 4, 1041000, '123123123123', 5, 'trf', 41000, '2020-03-28 05:37:40', '2020-03-28 05:51:51', 0, '0821241414221424', 'buktibayar/kct7Bn1JmR4BfPC1WvV0eQM8phBUAymZ2Si6oPAZ.jpeg', 'Ukuran XL Ya Mas'),
(30, 'ALV202004270408', 12, 539000, NULL, 1, 'trf', 39000, '2020-04-27 09:09:01', '2020-04-27 09:09:01', 0, '3', NULL, 'f'),
(31, 'ALV202105271105', 2, 193000, '123456', 5, 'trf', 35000, '2021-05-27 04:06:41', '2021-05-27 04:09:31', 0, '08998767254', 'buktibayar/8fT49JvTW6jlauoJvhzIr3BRWwQuWqITeYTd2CxW.png', 'k'),
(32, 'ALV202105311242', 2, 404000, '1234567', 5, 'trf', 35000, '2021-05-31 05:43:10', '2021-05-31 05:55:09', 0, '08998767254', 'buktibayar/y9aZTYLspdsrrYtDDpCGiEzFKCjLtBICTlAnBpA0.jpg', 'test'),
(33, 'ALV202105310116', 2, 1033000, NULL, 6, 'trf', 35000, '2021-05-31 06:16:46', '2021-05-31 06:16:52', 0, '23567891', NULL, 'fdsa'),
(34, 'ALV202106010940', 2, 193000, '1111', 4, 'trf', 35000, '2021-06-01 02:40:33', '2021-06-01 02:42:11', 0, '097675656', 'buktibayar/R3KALZxsg37A2alBxgv9dRtWdmk4Dhv7mPGKctVT.jpg', 'p'),
(35, 'ALV202106011105', 2, 3690000, NULL, 2, 'trf', 35000, '2021-06-01 04:06:20', '2021-06-02 02:34:53', 0, '0897654428162', 'buktibayar/MJjTNZvYWR04PyzyxjrrAMHUZTbMRqQe9zc6plr2.jpg', 'private trip'),
(36, 'ALV202106011113', 2, 369000, NULL, 1, 'trf', NULL, '2021-06-01 04:15:35', '2021-06-01 04:15:35', 0, '1234211', NULL, 'ww'),
(37, 'ALV202106020819', 2, 369000, NULL, 1, 'trf', NULL, '2021-06-02 01:19:46', '2021-06-02 01:19:46', 0, '0897654428162', NULL, 'o'),
(38, 'ALV202106030611', 4, 499000, NULL, 2, 'trf', NULL, '2021-06-02 23:12:23', '2021-06-02 23:13:09', 0, '081944946015', 'buktibayar/S4x5ERqdd1qpFhKrkmNjOnrrShXFiU1tA4BkRbew.png', 'yes'),
(39, 'ALV202106070411', 6, 1497000, '1223232', 5, 'trf', NULL, '2021-06-07 09:11:15', '2021-06-08 02:49:12', 0, '081944946015', 'buktibayar/sUWqLgL3ryFjWSqowsMl8z7TLgTyKDNycpe7OUue.jpg', 'Pake Apa'),
(40, 'ALV202106080322', 6, 369000, '1223232', 5, 'trf', NULL, '2021-06-08 08:22:11', '2021-06-08 16:19:08', 0, '081944946015', 'buktibayar/pqvZ1dciKTnmcD3DT3hDkAk1QLmWL7LMEmc5SyHb.jpg', 'oke wip'),
(41, 'ALV202106080324', 6, 237000, '1223232', 5, 'trf', NULL, '2021-06-08 08:24:50', '2021-06-08 16:18:56', 0, '081944946015', 'buktibayar/dPNF2gPKtgVVLd6lb2dxyOFS3FwGuGmlUded6jBA.jpg', 'we'),
(42, 'ALV202106081120', 6, 79000, '23232', 5, 'trf', NULL, '2021-06-08 16:20:12', '2021-06-08 16:21:26', 0, '081944946015', 'buktibayar/HnaKUvmD9xyr7Ey65kEbzdxPBeHX55s1iRRoFfSB.jpg', '2'),
(44, 'ALV202106090115', 5, 369000, NULL, 2, 'trf', NULL, '2021-06-08 18:16:00', '2021-06-08 18:18:29', 0, '081944946015', 'buktibayar/U2fEt4bZYcplKYawoRhfPTnEJnKvEeeLgiXAHtPw.jpg', 'guyg');

-- --------------------------------------------------------

--
-- Table structure for table `password_resets`
--

CREATE TABLE `password_resets` (
  `email` varchar(255) COLLATE utf8mb4_unicode_ci NOT NULL,
  `token` varchar(255) COLLATE utf8mb4_unicode_ci NOT NULL,
  `created_at` timestamp NULL DEFAULT NULL
) ENGINE=InnoDB DEFAULT CHARSET=utf8mb4 COLLATE=utf8mb4_unicode_ci;

-- --------------------------------------------------------

--
-- Table structure for table `products`
--

CREATE TABLE `products` (
  `id` bigint(20) UNSIGNED NOT NULL,
  `name` varchar(255) COLLATE utf8mb4_unicode_ci NOT NULL,
  `description` text COLLATE utf8mb4_unicode_ci NOT NULL,
  `image` text COLLATE utf8mb4_unicode_ci NOT NULL,
  `price` int(11) NOT NULL,
  `weigth` int(11) NOT NULL,
  `categories_id` bigint(20) UNSIGNED NOT NULL,
  `created_at` timestamp NULL DEFAULT NULL,
  `updated_at` timestamp NULL DEFAULT NULL,
  `stok` int(11) NOT NULL
) ENGINE=InnoDB DEFAULT CHARSET=utf8mb4 COLLATE=utf8mb4_unicode_ci;

--
-- Dumping data for table `products`
--

INSERT INTO `products` (`id`, `name`, `description`, `image`, `price`, `weigth`, `categories_id`, `created_at`, `updated_at`, `stok`) VALUES
(38, 'Trip 3 Pulau', 'jelajah 3 pulau seharian\r\n\r\n\r\n\r\n sabtu | minggu | tanggal merah\r\n dermaga muara kamal | 07.00 wib\r\n 79.000/orang\r\n tanpa minimal peserta\r\n pulau cipir - kelor - onrust\r\n\r\n\r\n07.00 : registrasi ulang dermaga kamal\r\n08.00 : Briefing kegiatan & prepare trip\r\n08.30 : visit pulau kelor | benteng martello\r\n10.30 : visit pulau cipir\r\n11.00 : visit pulau onrust\r\n12.00 : break time\r\n13.00 : explore Pulau Onrust | Penjara Jepang | materi sejarah & museum \r\n14.00 : re visit pulau cipir\r\n14.30 : explore pulau cipir\r\n16.00 : kembali ke Muara Kamal\r\n16.30 : trip selesai\r\nrundown menyesuaikan situasi & kondisi\r\n\r\n        \r\n\r\n       \r\n\r\n\r\n transport kapal \r\n tiket & akses wisata\r\n materi Wisata Sejarah\r\n tour guide\r\n dokumentasi tour\r\n id card travel\r\n\r\nExclude :\r\n Pengeluaran Pribadi\r\n Tipping Guide | tidak wajib\r\n Transport dari/ke Muara Kamal\r\n\r\n DP hanya 25.000/orang\r\n BCA | 756-029-3334 | ade andreas\r\n pelunasan di hari H\r\n\r\n yuk berwisata sehat & aman dengan mengikuti portokol kesehatan yang berlaku\r\n\r\n eisham project | s 2014 ', 'imageproduct/OuNeK2VrBf44q7nXmXUqySaX4rLV6Aqme8tBov8l.jpg', 79000, 12, 9, '2021-05-27 03:45:58', '2021-05-27 03:45:58', 43),
(39, 'Trip Pulau Pari', 'OPEN TRIP PULAU PARI\r\nlebih hemat dari backpacker\r\n\r\n\r\n\r\n open seat setiap sabtu & tanggal merah\r\n standar wisata sehat & aman\r\n369.000/orang | 2 hari 1 malam\r\n\r\n\r\n\r\n_FASILITAS\r\n tiket kapal PP \r\n homestay ac \r\n makan 3x\r\n bbq 1x\r\n sepeda / orang\r\n tiket masuk kawasan wisata pulau pari\r\n snorkling\r\n alat snorkling\r\n dokumentasi up & underwater\r\n tour guide lokal\r\n tour leader\r\n\r\n\r\nCLUE RUNDOWN\r\n_Hari 1\r\n titik kumpul pelabuhan kali adem jakarta\r\n check in homestay\r\n kunjungan pantai perawan\r\n kunjungan tanjung reggae\r\n snorkling\r\n hunting sunset\r\n BBQ & free time\r\n\r\n_Hari 2\r\n hunting sunrise\r\n kunjungan pantai bintang\r\n kembali ke jakarta\r\n\r\n=================\r\n\r\nFASILITAS & RUNDOWN TRIP MENERAPKAN STANDAR WISATA NEW NORMAL\r\n\r\n\r\ndownpayment tidak terikat, hanya untuk tanda jadi booking\r\n\r\n\r\nINFO BOOKING\r\n whatsapp : 0856-9295-2965\r\n website : www.eishamproject.com\r\n ig :@trip_pulau_seribu', 'imageproduct/65P4awG9n2HmvuGjzK1v5i2Zort8P2DwxnzvkwzB.png', 369000, 12, 9, '2021-05-27 03:50:59', '2021-05-27 03:52:11', 99),
(40, 'Pulau Pari VIP', 'ONE DAY TRIP PULAU PARI VIP\r\nlebih hemat dari backpacker\r\n\r\n\r\n open seat setiap hari\r\n dermaga marina Ancol 07.30\r\n standar wisata new normal\r\n 499.000/orang minimal 2 orang\r\n DP fleksibel\r\n\r\n\r\nFasilitas\r\n\r\n speedboat marina Ancol pp\r\n makan 1x\r\n welcome drink\r\n sepeda / orang\r\n tiket pantai pasir perawan\r\n tiket pantai bintang\r\n tanjung reggae\r\n tour guide\r\n dokumentasi trip\r\n\r\n\r\noptional\r\n\r\n kapal jelajah\r\n snorkling\r\n banana boat\r\n keperluan pribadi\r\n====================\r\n\r\n\r\nclue rundown\r\n\r\n- standby dermaga marina ancol\r\n- tiba di pulau pari\r\n- pantai pasir perawan\r\n- makan siang\r\n- free time\r\n- tanjung reggae\r\n- pantai bintang\r\n- belanja oleh oleh\r\n- kembali ke Jakarta\r\n====================\r\n\r\n\r\nFASILITAS & RUNDOWN TRIP MENERAPKAN STANDAR WISATA NEW NORMAL \r\n\r\n\r\ndownpayment tidak terikat, hanya untuk tanda jadi booking \r\n\r\n\r\nINFO BOOKING\r\n whatsapp : 0856-9295-2965\r\n website : www.eishamproject.com\r\n ig : @trip_pulau_seribu\r\n', 'imageproduct/c57XMIPk2hRNehD7UlDEC5xET34tKE2RiyekoPky.png', 499000, 11, 10, '2021-05-27 03:58:36', '2021-05-27 03:58:36', 27),
(41, 'Pulau Harapan', 'OPEN TRIP PULAU HARAPAN\r\nlebih hemat dari backpacker\r\n\r\n RABU 10 MARET 2021 | UPDATE\r\n SABTU 13 MARET 2021 | UPDATE\r\n SETIAP SABTU & TANGGAL MERAH\r\npelabuhan Kali Adem Jakarta\r\n standar wisata sehat & aman\r\n 369.000/orang | 2 hari 1 malam\r\n DP hanya Rp 100.000\r\n\r\n_FASILITAS\r\n tiket kapal PP\r\n homestay ac\r\n makan 3x\r\n bbq 1x\r\n kapal jelajah pulau\r\n kunjungan pulau dolphin\r\n kunjungan pulau perak\r\n kunjungan pulau bulat\r\n penangkaran penyu (optional)\r\n snorkling\r\n alat snorkling\r\n dokumentasi up & underwater\r\n tour guide lokal\r\n tour leader\r\n\r\nCLUE RUNDOWN\r\n_Hari 1\r\n titik kumpul pelabuhan kali adem jakarta\r\n check in homestay\r\n snorkling\r\n kunjungan pulau dolphin\r\n kunjungan pulau perak\r\n hunting sunset\r\n BBQ & free time\r\n\r\n_Hari 2\r\n hunting sunrise\r\n kunjungan pulau bulat\r\n kembali ke jakarta\r\n\r\n=================\r\n\r\nFASILITAS & RUNDOWN TRIP MENERAPKAN STANDAR WISATA NEW NORMAL \r\n\r\ndownpayment tidak terikat, hanya untuk tanda jadi booking\r\n\r\nINFO BOOKING\r\n whatsapp : 0856-9295-2965\r\n website : www.eishamproject.com\r\n ig : @trip_pulau_seribu', 'imageproduct/GeY3NohvIZLpQYtLLKf9Ae4IRZBdqhkE0N13xEGj.png', 369000, 11, 11, '2021-05-27 03:59:32', '2021-05-27 03:59:32', 49);

-- --------------------------------------------------------

--
-- Table structure for table `provinces`
--

CREATE TABLE `provinces` (
  `id` bigint(20) UNSIGNED NOT NULL,
  `province_id` bigint(20) UNSIGNED NOT NULL,
  `title` varchar(255) COLLATE utf8mb4_unicode_ci NOT NULL,
  `created_at` timestamp NULL DEFAULT NULL,
  `updated_at` timestamp NULL DEFAULT NULL
) ENGINE=InnoDB DEFAULT CHARSET=utf8mb4 COLLATE=utf8mb4_unicode_ci;

--
-- Dumping data for table `provinces`
--

INSERT INTO `provinces` (`id`, `province_id`, `title`, `created_at`, `updated_at`) VALUES
(1, 1, 'Bali', '2021-05-24 09:08:35', '2021-05-24 09:08:35'),
(2, 2, 'Bangka Belitung', '2021-05-24 09:08:39', '2021-05-24 09:08:39'),
(3, 3, 'Banten', '2021-05-24 09:08:41', '2021-05-24 09:08:41'),
(4, 4, 'Bengkulu', '2021-05-24 09:08:43', '2021-05-24 09:08:43'),
(5, 5, 'DI Yogyakarta', '2021-05-24 09:08:47', '2021-05-24 09:08:47'),
(6, 6, 'DKI Jakarta', '2021-05-24 09:08:49', '2021-05-24 09:08:49'),
(7, 7, 'Gorontalo', '2021-05-24 09:08:51', '2021-05-24 09:08:51'),
(8, 8, 'Jambi', '2021-05-24 09:08:54', '2021-05-24 09:08:54'),
(9, 9, 'Jawa Barat', '2021-05-24 09:08:56', '2021-05-24 09:08:56'),
(10, 10, 'Jawa Tengah', '2021-05-24 09:08:59', '2021-05-24 09:08:59'),
(11, 11, 'Jawa Timur', '2021-05-24 09:09:02', '2021-05-24 09:09:02'),
(12, 12, 'Kalimantan Barat', '2021-05-24 09:09:04', '2021-05-24 09:09:04'),
(13, 13, 'Kalimantan Selatan', '2021-05-24 09:09:07', '2021-05-24 09:09:07'),
(14, 14, 'Kalimantan Tengah', '2021-05-24 09:09:13', '2021-05-24 09:09:13'),
(15, 15, 'Kalimantan Timur', '2021-05-24 09:09:16', '2021-05-24 09:09:16'),
(16, 16, 'Kalimantan Utara', '2021-05-24 09:09:18', '2021-05-24 09:09:18'),
(17, 17, 'Kepulauan Riau', '2021-05-24 09:09:20', '2021-05-24 09:09:20'),
(18, 18, 'Lampung', '2021-05-24 09:09:22', '2021-05-24 09:09:22'),
(19, 19, 'Maluku', '2021-05-24 09:09:25', '2021-05-24 09:09:25'),
(20, 20, 'Maluku Utara', '2021-05-24 09:09:27', '2021-05-24 09:09:27'),
(21, 21, 'Nanggroe Aceh Darussalam (NAD)', '2021-05-24 09:09:30', '2021-05-24 09:09:30'),
(22, 22, 'Nusa Tenggara Barat (NTB)', '2021-05-24 09:09:33', '2021-05-24 09:09:33'),
(23, 23, 'Nusa Tenggara Timur (NTT)', '2021-05-24 09:09:34', '2021-05-24 09:09:34'),
(24, 24, 'Papua', '2021-05-24 09:09:37', '2021-05-24 09:09:37'),
(25, 25, 'Papua Barat', '2021-05-24 09:09:41', '2021-05-24 09:09:41'),
(26, 26, 'Riau', '2021-05-24 09:09:43', '2021-05-24 09:09:43'),
(27, 27, 'Sulawesi Barat', '2021-05-24 09:09:45', '2021-05-24 09:09:45'),
(28, 28, 'Sulawesi Selatan', '2021-05-24 09:09:47', '2021-05-24 09:09:47'),
(29, 29, 'Sulawesi Tengah', '2021-05-24 09:09:50', '2021-05-24 09:09:50'),
(30, 30, 'Sulawesi Tenggara', '2021-05-24 09:09:52', '2021-05-24 09:09:52'),
(31, 31, 'Sulawesi Utara', '2021-05-24 09:09:54', '2021-05-24 09:09:54'),
(32, 32, 'Sumatera Barat', '2021-05-24 09:09:56', '2021-05-24 09:09:56'),
(33, 33, 'Sumatera Selatan', '2021-05-24 09:09:59', '2021-05-24 09:09:59'),
(34, 34, 'Sumatera Utara', '2021-05-24 09:10:01', '2021-05-24 09:10:01');

-- --------------------------------------------------------

--
-- Table structure for table `rating`
--

CREATE TABLE `rating` (
  `id_rating` int(11) NOT NULL,
  `id_users` int(11) NOT NULL,
  `id_products` int(11) NOT NULL,
  `rating` int(11) NOT NULL,
  `komentar` text NOT NULL,
  `created_at` datetime NOT NULL,
  `updated_at` datetime NOT NULL
) ENGINE=InnoDB DEFAULT CHARSET=utf8mb4;

--
-- Dumping data for table `rating`
--

INSERT INTO `rating` (`id_rating`, `id_users`, `id_products`, `rating`, `komentar`, `created_at`, `updated_at`) VALUES
(3, 2, 38, 5, '', '0000-00-00 00:00:00', '0000-00-00 00:00:00'),
(4, 3, 39, 3, '', '0000-00-00 00:00:00', '0000-00-00 00:00:00'),
(5, 3, 40, 3, '', '0000-00-00 00:00:00', '0000-00-00 00:00:00'),
(6, 3, 41, 5, '', '0000-00-00 00:00:00', '0000-00-00 00:00:00'),
(7, 4, 40, 3, '', '0000-00-00 00:00:00', '0000-00-00 00:00:00'),
(8, 5, 40, 4, '', '0000-00-00 00:00:00', '0000-00-00 00:00:00'),
(9, 5, 41, 4, '', '0000-00-00 00:00:00', '0000-00-00 00:00:00'),
(10, 6, 38, 5, '', '0000-00-00 00:00:00', '0000-00-00 00:00:00'),
(11, 5, 38, 5, '', '0000-00-00 00:00:00', '0000-00-00 00:00:00'),
(17, 6, 40, 5, 'sip', '2021-06-08 23:26:44', '2021-06-08 23:26:44'),
(18, 6, 41, 5, 'sip', '2021-06-08 23:28:41', '2021-06-08 23:28:41');

-- --------------------------------------------------------

--
-- Table structure for table `rekening`
--

CREATE TABLE `rekening` (
  `id` bigint(20) UNSIGNED NOT NULL,
  `bank_name` varchar(255) COLLATE utf8mb4_unicode_ci NOT NULL,
  `atas_nama` varchar(255) COLLATE utf8mb4_unicode_ci NOT NULL,
  `no_rekening` varchar(255) COLLATE utf8mb4_unicode_ci NOT NULL,
  `created_at` timestamp NULL DEFAULT NULL,
  `updated_at` timestamp NULL DEFAULT NULL
) ENGINE=InnoDB DEFAULT CHARSET=utf8mb4 COLLATE=utf8mb4_unicode_ci;

--
-- Dumping data for table `rekening`
--

INSERT INTO `rekening` (`id`, `bank_name`, `atas_nama`, `no_rekening`, `created_at`, `updated_at`) VALUES
(2, 'Permata', 'Nadia Noor Nadia', '8528008998728563', '2021-05-27 04:02:00', '2021-05-27 04:02:00');

-- --------------------------------------------------------

--
-- Table structure for table `review`
--

CREATE TABLE `review` (
  `id` bigint(20) UNSIGNED NOT NULL,
  `user_id` bigint(20) UNSIGNED NOT NULL,
  `product_id` bigint(20) UNSIGNED NOT NULL,
  `order_id` bigint(20) UNSIGNED NOT NULL,
  `rating` int(11) NOT NULL,
  `komentar` varchar(255) COLLATE utf8mb4_unicode_ci NOT NULL,
  `created_at` timestamp NULL DEFAULT NULL,
  `updated_at` timestamp NULL DEFAULT NULL
) ENGINE=InnoDB DEFAULT CHARSET=utf8mb4 COLLATE=utf8mb4_unicode_ci;

-- --------------------------------------------------------

--
-- Table structure for table `status_order`
--

CREATE TABLE `status_order` (
  `id` bigint(20) UNSIGNED NOT NULL,
  `name` varchar(255) COLLATE utf8mb4_unicode_ci NOT NULL,
  `created_at` timestamp NULL DEFAULT NULL,
  `updated_at` timestamp NULL DEFAULT NULL
) ENGINE=InnoDB DEFAULT CHARSET=utf8mb4 COLLATE=utf8mb4_unicode_ci;

--
-- Dumping data for table `status_order`
--

INSERT INTO `status_order` (`id`, `name`, `created_at`, `updated_at`) VALUES
(1, 'Belum Bayar', NULL, NULL),
(2, 'Perlu Di Cek', NULL, NULL),
(3, 'Telah Di Bayar', NULL, NULL),
(4, 'Barang Di Kirim', NULL, NULL),
(5, 'Barang Telah Sampai', NULL, NULL),
(6, 'Pesanan Di Batalkan', NULL, NULL);

-- --------------------------------------------------------

--
-- Table structure for table `users`
--

CREATE TABLE `users` (
  `id` bigint(20) UNSIGNED NOT NULL,
  `name` varchar(255) COLLATE utf8mb4_unicode_ci NOT NULL,
  `email` varchar(255) COLLATE utf8mb4_unicode_ci NOT NULL,
  `email_verified_at` timestamp NULL DEFAULT NULL,
  `password` varchar(255) COLLATE utf8mb4_unicode_ci NOT NULL,
  `role` varchar(30) COLLATE utf8mb4_unicode_ci NOT NULL,
  `remember_token` varchar(100) COLLATE utf8mb4_unicode_ci DEFAULT NULL,
  `jenis_kelamin` varchar(5) COLLATE utf8mb4_unicode_ci DEFAULT NULL,
  `no_tlp` int(20) DEFAULT NULL,
  `created_at` timestamp NULL DEFAULT NULL,
  `updated_at` timestamp NULL DEFAULT NULL
) ENGINE=InnoDB DEFAULT CHARSET=utf8mb4 COLLATE=utf8mb4_unicode_ci;

--
-- Dumping data for table `users`
--

INSERT INTO `users` (`id`, `name`, `email`, `email_verified_at`, `password`, `role`, `remember_token`, `jenis_kelamin`, `no_tlp`, `created_at`, `updated_at`) VALUES
(1, 'admin', 'admin@pulaukuy.com', NULL, '$2y$10$V0Cfj/QVbpCyd7v7JW19L.HoOckCN59HayZjQy6LKSGtJiPhzzi9e', 'admin', NULL, NULL, NULL, NULL, NULL),
(2, 'Kaiasar Pajar Oktavianus Entiman', 'kaisar@gmail.com', NULL, '$2y$10$V0Cfj/QVbpCyd7v7JW19L.HoOckCN59HayZjQy6LKSGtJiPhzzi9e', 'customer', NULL, NULL, NULL, '2021-05-27 03:30:19', '2021-05-31 11:44:52'),
(3, 'mimiw', 'miw@gmail.com', NULL, '$2y$10$EcvG/YY5FhRa5PGapdFxfutELImm1Xq.3MQGcOBtEABPXbSXFzuQq', 'customer', NULL, NULL, NULL, '2021-05-31 10:55:53', '2021-05-31 10:55:53'),
(4, 'Amalia Safira Rhamadany', 'amaliayuya@gmail.com', NULL, '$2y$10$lqs8PTEPhHbR2CzJUXdBJOA4fAAaavP/Boao.6D8T/sYKuz3OD4w.', 'customer', NULL, NULL, NULL, '2021-06-02 23:10:28', '2021-06-02 23:10:28'),
(5, 'Aldy Destianto', 'destian@gmail.com', NULL, '$2y$10$CyMbmB0V5lqpTiFTdWz4Tem2enSjd2PaVTVycKQDwTbYwrJLxYfnq', 'customer', NULL, NULL, NULL, '2021-06-05 20:18:48', '2021-06-05 20:18:48'),
(6, 'Velicia', 'velicia@gmail.com', NULL, '$2y$10$ApxGmvsoAenh5yKQXJEmAep0MC2gqCBRDBLO9diJEEhflpblBz6c6', 'customer', NULL, NULL, NULL, '2021-06-05 20:19:34', '2021-06-05 20:19:34');

--
-- Indexes for dumped tables
--

--
-- Indexes for table `alamat`
--
ALTER TABLE `alamat`
  ADD PRIMARY KEY (`id`);

--
-- Indexes for table `alamat_toko`
--
ALTER TABLE `alamat_toko`
  ADD PRIMARY KEY (`id`);

--
-- Indexes for table `categories`
--
ALTER TABLE `categories`
  ADD PRIMARY KEY (`id`);

--
-- Indexes for table `cities`
--
ALTER TABLE `cities`
  ADD PRIMARY KEY (`id`);

--
-- Indexes for table `couriers`
--
ALTER TABLE `couriers`
  ADD PRIMARY KEY (`id`);

--
-- Indexes for table `detail_order`
--
ALTER TABLE `detail_order`
  ADD PRIMARY KEY (`id`);

--
-- Indexes for table `failed_jobs`
--
ALTER TABLE `failed_jobs`
  ADD PRIMARY KEY (`id`);

--
-- Indexes for table `keranjang`
--
ALTER TABLE `keranjang`
  ADD PRIMARY KEY (`id`);

--
-- Indexes for table `migrations`
--
ALTER TABLE `migrations`
  ADD PRIMARY KEY (`id`);

--
-- Indexes for table `order`
--
ALTER TABLE `order`
  ADD PRIMARY KEY (`id`);

--
-- Indexes for table `password_resets`
--
ALTER TABLE `password_resets`
  ADD KEY `password_resets_email_index` (`email`);

--
-- Indexes for table `products`
--
ALTER TABLE `products`
  ADD PRIMARY KEY (`id`);

--
-- Indexes for table `provinces`
--
ALTER TABLE `provinces`
  ADD PRIMARY KEY (`id`);

--
-- Indexes for table `rating`
--
ALTER TABLE `rating`
  ADD PRIMARY KEY (`id_rating`);

--
-- Indexes for table `rekening`
--
ALTER TABLE `rekening`
  ADD PRIMARY KEY (`id`);

--
-- Indexes for table `review`
--
ALTER TABLE `review`
  ADD PRIMARY KEY (`id`);

--
-- Indexes for table `status_order`
--
ALTER TABLE `status_order`
  ADD PRIMARY KEY (`id`);

--
-- Indexes for table `users`
--
ALTER TABLE `users`
  ADD PRIMARY KEY (`id`),
  ADD UNIQUE KEY `users_email_unique` (`email`);

--
-- AUTO_INCREMENT for dumped tables
--

--
-- AUTO_INCREMENT for table `alamat`
--
ALTER TABLE `alamat`
  MODIFY `id` bigint(20) UNSIGNED NOT NULL AUTO_INCREMENT, AUTO_INCREMENT=11;

--
-- AUTO_INCREMENT for table `alamat_toko`
--
ALTER TABLE `alamat_toko`
  MODIFY `id` bigint(20) UNSIGNED NOT NULL AUTO_INCREMENT, AUTO_INCREMENT=2;

--
-- AUTO_INCREMENT for table `categories`
--
ALTER TABLE `categories`
  MODIFY `id` bigint(20) UNSIGNED NOT NULL AUTO_INCREMENT, AUTO_INCREMENT=13;

--
-- AUTO_INCREMENT for table `cities`
--
ALTER TABLE `cities`
  MODIFY `id` bigint(20) UNSIGNED NOT NULL AUTO_INCREMENT, AUTO_INCREMENT=502;

--
-- AUTO_INCREMENT for table `couriers`
--
ALTER TABLE `couriers`
  MODIFY `id` bigint(20) UNSIGNED NOT NULL AUTO_INCREMENT, AUTO_INCREMENT=4;

--
-- AUTO_INCREMENT for table `detail_order`
--
ALTER TABLE `detail_order`
  MODIFY `id` bigint(20) UNSIGNED NOT NULL AUTO_INCREMENT, AUTO_INCREMENT=37;

--
-- AUTO_INCREMENT for table `failed_jobs`
--
ALTER TABLE `failed_jobs`
  MODIFY `id` bigint(20) UNSIGNED NOT NULL AUTO_INCREMENT;

--
-- AUTO_INCREMENT for table `keranjang`
--
ALTER TABLE `keranjang`
  MODIFY `id` bigint(20) UNSIGNED NOT NULL AUTO_INCREMENT, AUTO_INCREMENT=34;

--
-- AUTO_INCREMENT for table `migrations`
--
ALTER TABLE `migrations`
  MODIFY `id` int(10) UNSIGNED NOT NULL AUTO_INCREMENT, AUTO_INCREMENT=22;

--
-- AUTO_INCREMENT for table `order`
--
ALTER TABLE `order`
  MODIFY `id` bigint(20) UNSIGNED NOT NULL AUTO_INCREMENT, AUTO_INCREMENT=45;

--
-- AUTO_INCREMENT for table `products`
--
ALTER TABLE `products`
  MODIFY `id` bigint(20) UNSIGNED NOT NULL AUTO_INCREMENT, AUTO_INCREMENT=42;

--
-- AUTO_INCREMENT for table `provinces`
--
ALTER TABLE `provinces`
  MODIFY `id` bigint(20) UNSIGNED NOT NULL AUTO_INCREMENT, AUTO_INCREMENT=35;

--
-- AUTO_INCREMENT for table `rating`
--
ALTER TABLE `rating`
  MODIFY `id_rating` int(11) NOT NULL AUTO_INCREMENT, AUTO_INCREMENT=19;

--
-- AUTO_INCREMENT for table `rekening`
--
ALTER TABLE `rekening`
  MODIFY `id` bigint(20) UNSIGNED NOT NULL AUTO_INCREMENT, AUTO_INCREMENT=3;

--
-- AUTO_INCREMENT for table `review`
--
ALTER TABLE `review`
  MODIFY `id` bigint(20) UNSIGNED NOT NULL AUTO_INCREMENT;

--
-- AUTO_INCREMENT for table `status_order`
--
ALTER TABLE `status_order`
  MODIFY `id` bigint(20) UNSIGNED NOT NULL AUTO_INCREMENT, AUTO_INCREMENT=7;

--
-- AUTO_INCREMENT for table `users`
--
ALTER TABLE `users`
  MODIFY `id` bigint(20) UNSIGNED NOT NULL AUTO_INCREMENT, AUTO_INCREMENT=7;
COMMIT;

/*!40101 SET CHARACTER_SET_CLIENT=@OLD_CHARACTER_SET_CLIENT */;
/*!40101 SET CHARACTER_SET_RESULTS=@OLD_CHARACTER_SET_RESULTS */;
/*!40101 SET COLLATION_CONNECTION=@OLD_COLLATION_CONNECTION */;
